"age","default","balance","housing","loan","duration","campaign","previous"
35,0,0,1,0,477,1,0
45,0,295,1,0,92,1,0
35,0,847,1,0,85,2,0
37,0,487,0,1,155,15,0
48,0,0,1,0,85,1,2
30,0,3809,1,0,159,4,0
75,0,852,0,0,341,1,0
41,0,1459,0,0,82,1,0
51,0,-892,1,1,248,2,0
27,0,376,1,1,273,1,0
43,0,58,1,0,48,4,0
73,0,279,0,0,399,3,0
31,0,1750,1,0,90,3,0
46,0,-90,0,1,270,1,0
49,0,273,0,0,58,1,0
44,0,3706,0,0,209,3,0
49,0,1623,1,0,1081,2,0
25,0,-352,0,0,246,1,0
49,0,443,0,0,27,6,0
53,0,665,1,0,371,2,0
32,0,604,0,1,95,3,0
34,0,178,1,0,14,2,0
37,0,196,1,0,66,3,0
58,0,235,0,0,88,4,0
26,1,-3,1,0,181,5,0
44,0,13893,0,0,29,2,0
30,0,2325,0,0,270,3,4
81,0,1,0,0,65,5,0
32,0,84,0,1,403,3,0
31,0,25,0,0,169,5,0
55,0,627,1,0,247,1,0
39,0,260,1,0,146,1,1
36,0,1327,0,0,174,2,0
49,0,2146,1,0,1516,2,2
35,0,0,0,0,106,4,0
27,0,446,0,0,205,3,0
34,0,6979,1,0,14,5,0
53,0,995,0,0,200,3,0
37,0,11303,0,0,500,2,0
37,0,105,0,1,260,4,0
31,0,0,1,1,79,3,0
45,0,2048,1,0,310,1,1
46,0,834,1,0,196,2,0
51,0,78,1,0,723,2,0
59,0,1173,0,0,77,2,0
40,0,257,1,0,731,4,0
48,0,1266,1,0,45,1,0
47,0,2597,1,0,323,1,0
37,0,48,0,0,140,2,0
58,0,331,0,1,82,3,0
31,0,2488,1,0,14,1,0
36,0,1587,1,0,200,2,0
53,0,26,1,0,56,1,1
32,0,2366,1,0,127,2,0
40,0,10378,1,0,523,3,0
34,0,516,1,1,26,1,0
63,0,3904,0,0,250,2,2
47,0,2443,0,0,422,1,0
32,0,357,1,0,175,2,0
44,0,316,1,0,163,3,0
50,0,1240,0,0,474,2,0
40,0,2715,1,0,125,2,0
43,0,291,1,0,150,2,0
40,0,1532,1,1,173,7,0
44,0,262,1,0,74,1,0
36,0,9149,1,0,141,3,0
38,0,669,1,1,129,2,0
41,0,5310,1,0,984,1,0
21,0,6,0,0,622,1,0
38,0,6728,0,0,232,1,4
50,0,665,0,0,238,1,0
26,0,1216,1,0,472,2,0
38,0,2008,1,0,354,1,0
31,0,187,0,0,86,1,0
40,0,1819,0,0,398,2,0
30,0,1476,1,1,199,4,0
46,0,477,1,0,128,6,0
56,0,4063,0,1,31,4,0
57,0,14093,0,0,231,5,0
40,0,271,1,0,483,2,0
32,0,2979,0,0,156,1,0
31,0,3242,0,0,292,2,0
26,0,63,0,0,76,4,0
39,0,835,1,0,587,4,0
42,0,-91,1,1,43,1,0
41,0,-516,0,1,554,3,0
40,0,60,0,0,172,6,0
54,0,865,1,0,71,1,0
29,0,43,1,0,68,2,0
34,0,61,0,1,21,1,0
38,0,917,1,0,260,1,0
50,0,8139,1,0,256,6,0
26,0,3672,1,0,360,5,0
54,0,153,1,1,74,1,0
44,0,0,0,0,56,2,0
39,0,585,1,0,48,1,3
36,0,998,1,0,1044,2,0
57,0,49,1,1,93,4,0
43,0,1017,1,0,257,2,0
67,0,701,0,0,254,2,0
31,0,2395,0,0,218,1,0
34,0,2,1,1,184,1,6
48,1,-285,0,1,157,1,0
50,0,567,1,0,274,8,0
26,0,1177,0,0,116,1,0
35,0,321,1,0,189,1,0
35,0,0,0,0,125,2,0
34,0,393,1,0,11,9,0
59,0,0,1,0,52,8,0
54,0,895,0,0,335,1,0
38,0,0,1,0,537,5,2
40,0,0,1,1,57,1,0
39,0,0,1,0,46,2,0
36,0,1582,0,0,26,2,1
50,0,59,1,0,67,2,0
60,0,759,0,0,136,2,0
30,0,1772,1,0,158,4,0
37,0,-67,0,0,157,1,0
38,0,1146,1,0,91,2,0
34,0,-62,1,0,109,3,0
36,0,474,1,0,59,1,0
36,0,-461,0,0,254,2,1
32,0,883,1,0,798,1,5
32,0,151,1,0,118,1,0
30,0,334,0,0,389,2,0
55,0,955,1,0,104,1,0
48,0,-471,1,0,668,7,0
32,0,3616,0,0,165,2,0
29,0,486,0,0,95,1,0
43,0,487,1,0,548,2,0
46,0,451,1,1,389,4,0
31,0,395,1,0,155,3,0
44,0,2776,1,0,701,1,0
42,0,782,0,0,285,1,0
33,0,697,0,0,860,2,0
50,0,12519,1,0,146,2,4
26,0,543,0,0,169,3,0
30,0,946,1,0,1065,1,1
29,0,57,1,0,342,9,0
33,0,349,0,0,182,1,0
37,0,20453,1,0,115,1,0
25,0,553,1,0,113,4,1
50,0,231,1,0,397,2,0
32,0,66,0,0,244,1,0
39,0,385,1,0,225,4,0
41,0,369,1,0,9,3,0
20,0,291,0,0,172,5,5
32,0,930,0,0,85,7,0
52,0,-97,1,1,167,4,0
44,0,271,1,1,94,1,0
56,0,784,0,1,149,2,0
36,0,1746,1,0,15,1,1
27,0,235,1,0,13,5,0
39,1,3,0,0,488,1,0
37,0,393,1,0,567,3,4
34,0,136,1,0,156,1,0
55,0,559,0,0,271,2,0
31,0,0,1,1,144,2,0
40,0,92,1,0,92,1,0
50,0,3025,0,1,168,3,0
28,0,4937,1,0,421,3,0
32,0,1218,1,0,70,2,0
30,0,178,1,0,747,5,0
30,0,-393,1,1,435,1,0
31,0,1384,1,0,203,2,3
41,0,1602,1,0,142,1,0
33,0,71,0,0,107,6,0
30,0,673,1,0,610,2,0
58,0,73,0,0,116,1,0
36,0,475,0,0,141,3,0
41,0,429,1,0,244,1,0
54,0,1480,1,0,108,1,0
35,0,1287,1,0,330,2,0
33,0,687,1,0,72,2,1
51,0,-28,0,1,220,2,0
33,0,2727,0,0,205,3,0
45,0,0,1,0,100,3,0
57,0,13,1,0,323,2,2
44,0,0,0,0,264,5,0
36,0,197,0,0,260,1,0
33,0,331,1,0,178,7,5
47,0,668,0,0,908,1,0
61,0,997,0,0,106,1,0
23,0,250,1,0,222,1,0
34,0,79,1,0,83,1,0
41,0,6046,1,1,300,6,2
56,0,420,1,0,76,1,0
34,0,876,1,0,145,2,0
59,0,3163,1,0,240,2,0
30,1,447,0,0,103,6,0
28,0,1065,1,1,406,1,1
37,0,79,0,0,191,1,0
42,0,42045,0,0,205,2,0
46,0,3098,1,0,192,9,0
44,0,1146,0,0,178,2,0
37,0,490,1,0,73,1,0
47,0,209,1,0,135,2,0
25,0,242,1,0,62,12,0
45,0,7108,1,1,53,1,3
19,0,103,0,0,104,2,0
31,0,1407,1,0,142,3,0
40,0,462,1,1,272,1,4
32,0,950,1,1,219,4,0
42,0,525,0,0,127,2,0
51,0,-13,1,0,361,1,1
27,0,-124,0,0,217,1,0
39,0,1439,1,0,73,6,0
48,0,1167,1,1,264,1,0
33,0,706,1,0,329,1,1
46,0,964,1,0,174,1,0
33,0,148,0,0,717,1,0
37,0,685,1,0,968,1,0
39,0,994,0,0,221,1,1
35,0,57,0,1,632,2,0
36,0,957,1,0,206,1,0
39,0,0,0,0,731,1,3
44,0,244,1,0,1735,4,0
57,0,3431,1,0,73,1,0
57,0,1602,0,0,339,3,0
38,0,-278,1,0,143,2,0
36,0,774,1,0,231,2,1
49,0,249,1,0,450,1,0
50,0,2320,1,0,310,1,0
28,0,1466,1,0,40,1,0
32,0,1097,1,0,298,2,0
29,0,486,1,0,422,1,1
31,0,296,1,0,378,3,0
54,0,-630,0,0,173,1,0
52,0,1944,1,0,238,3,2
40,0,260,0,0,52,1,6
31,0,500,1,0,19,18,0
58,0,5920,1,0,255,1,0
75,0,1341,0,0,415,7,0
47,0,8515,1,0,14,7,4
56,0,-113,1,1,614,2,0
45,0,128,0,1,275,2,0
32,0,300,0,0,166,2,0
31,0,620,0,0,95,1,0
49,0,755,0,0,1212,4,0
36,0,470,1,0,101,4,0
28,0,102,0,0,321,2,0
34,0,37,0,0,45,1,0
33,0,575,0,1,254,2,0
52,0,424,0,0,143,1,3
40,1,0,1,0,64,2,0
47,0,2246,1,0,330,1,0
34,0,3050,1,0,469,1,0
34,0,1,0,0,582,1,0
31,0,85,0,0,151,1,0
55,0,136,1,0,15,10,0
30,0,4213,0,0,142,4,0
52,0,98,0,1,148,1,0
60,0,0,0,0,130,3,0
53,0,1034,1,0,854,2,3
34,0,3301,1,0,485,2,4
46,0,295,1,0,141,6,0
53,0,4,0,0,19,6,0
29,0,437,0,0,504,1,1
32,0,474,1,0,90,3,0
40,0,0,0,0,58,7,0
30,0,868,0,0,387,2,0
34,0,712,1,0,326,3,0
37,0,1040,1,0,199,1,2
54,0,1012,1,0,33,3,2
55,0,150,0,0,124,1,0
53,0,28,0,0,117,2,0
36,0,243,1,0,160,2,3
31,0,-495,1,0,334,2,0
45,0,44,0,0,81,1,0
33,0,3132,1,0,350,5,0
29,0,9,1,0,262,3,0
53,0,25,0,0,528,2,0
26,0,127,1,1,85,3,0
48,0,4265,1,0,220,2,0
32,0,5122,0,0,31,1,0
59,0,0,0,0,167,2,0
29,0,0,0,0,16,25,0
38,0,410,0,0,63,6,0
33,0,4897,1,0,151,1,0
51,0,500,1,0,26,6,0
45,0,2571,0,0,146,2,0
50,0,579,0,0,83,4,0
38,0,1704,0,0,222,1,0
27,0,49,1,0,208,2,0
41,0,0,0,1,107,1,0
49,0,1672,0,0,128,3,0
28,0,80,0,0,676,2,2
54,0,0,0,0,159,2,6
33,0,43,1,0,332,2,2
40,0,98,1,0,193,5,0
49,0,169,1,0,82,3,0
46,0,2558,1,0,107,1,1
44,0,27,0,0,485,1,0
36,0,0,1,0,337,1,0
47,0,1890,0,0,161,1,0
25,0,3217,1,0,24,1,0
41,0,0,1,0,232,3,0
37,0,5355,0,0,466,4,0
47,0,2106,1,0,168,1,0
33,0,4404,1,0,766,3,0
42,0,0,0,0,99,1,0
58,0,2705,0,0,137,1,0
56,0,16873,0,0,223,1,0
43,0,-26,1,0,343,1,0
59,0,879,1,0,228,1,0
33,0,4,1,0,285,5,0
31,0,-280,0,0,281,3,0
24,0,0,0,0,94,1,0
56,0,985,0,1,150,2,0
40,0,1670,1,0,161,2,0
58,0,11,0,0,270,1,0
41,0,55,1,0,185,4,0
56,0,3021,0,0,419,2,0
66,0,2262,0,0,155,1,0
37,0,37,0,0,253,2,0
33,0,1410,1,0,8,1,5
44,0,2657,1,0,202,2,0
31,0,1495,1,1,159,3,0
41,0,849,1,0,72,1,0
61,0,1191,0,0,214,4,0
30,0,101,1,1,187,3,0
77,0,610,0,0,766,3,0
36,0,-148,0,0,144,2,0
40,0,7780,0,0,364,1,1
50,0,452,0,0,181,2,0
38,0,3732,1,0,379,2,0
39,0,562,0,0,303,2,0
60,0,252,1,1,123,2,3
33,0,181,1,1,265,2,0
53,0,306,0,0,388,3,1
38,0,2278,1,1,244,1,0
50,0,276,0,1,641,6,0
36,0,1477,0,0,71,2,0
20,0,502,0,0,261,1,0
46,0,96,0,0,151,2,0
32,0,1464,1,0,193,1,0
41,0,552,1,0,463,1,0
30,0,648,1,1,287,1,0
46,0,-154,1,1,107,2,0
33,0,640,1,0,439,3,0
38,0,0,1,0,580,1,1
51,0,1291,1,0,51,2,0
39,0,471,0,0,5,1,0
36,0,3611,1,0,347,3,0
53,0,1378,1,0,91,2,0
60,0,598,0,1,96,1,0
32,0,948,0,0,204,2,0
37,0,1689,1,0,645,2,0
58,0,9339,1,0,52,3,3
51,0,203,1,0,134,1,5
30,0,123,0,1,66,1,5
28,0,12,1,0,73,3,3
42,0,0,1,0,115,6,0
47,0,0,1,0,676,1,0
29,0,444,1,0,130,4,0
33,0,238,1,1,45,5,0
52,0,657,0,0,398,2,2
31,0,0,0,1,624,6,0
29,0,2929,0,0,91,1,0
36,0,6,0,0,246,1,0
47,0,1996,0,0,761,2,0
47,0,302,1,0,89,3,0
32,0,678,1,0,1579,1,4
33,0,9,0,0,91,2,0
40,0,168,1,0,249,2,1
37,0,1287,1,0,432,1,0
28,0,3238,1,0,7,1,0
27,0,268,1,0,528,1,2
28,0,317,1,0,21,3,0
57,0,1044,0,0,585,1,2
31,0,96,0,0,577,1,0
40,0,-342,1,0,754,1,0
40,0,65,1,0,15,3,0
32,0,1143,1,1,412,1,0
34,0,351,0,1,326,11,0
32,0,739,1,0,91,3,0
50,0,-54,1,1,698,2,1
42,0,-406,1,0,152,5,0
29,0,424,1,1,241,2,0
44,0,5045,1,0,20,6,15
35,0,2189,0,0,256,3,0
36,0,13,0,0,284,1,0
30,0,699,1,0,213,4,0
34,0,544,1,1,58,2,0
32,0,311,0,0,757,2,0
57,0,63,1,0,242,1,0
42,0,2,0,0,249,2,0
55,0,540,0,0,124,2,0
37,0,876,1,0,140,4,2
47,0,3940,1,0,171,2,5
31,0,203,0,1,177,1,0
48,0,316,0,0,560,2,0
50,0,253,1,1,475,2,0
30,0,1942,1,1,436,2,3
42,0,1022,1,0,146,2,0
37,0,655,1,0,127,2,4
46,0,0,1,0,154,1,1
54,0,384,1,0,30,7,0
58,0,407,1,0,145,2,0
28,0,4287,0,0,171,1,0
37,0,4303,1,0,168,1,0
31,0,691,1,0,198,1,0
47,0,1990,1,1,108,4,0
35,0,118,0,0,358,2,0
33,0,-131,1,0,145,1,0
54,0,784,1,1,579,1,0
48,0,6613,0,0,159,3,0
42,0,2980,0,0,101,3,0
49,0,1843,1,0,269,1,0
32,0,656,1,1,148,2,0
45,0,-459,0,0,508,6,0
19,0,302,0,0,205,1,0
60,0,517,0,0,1178,3,0
57,0,887,0,0,43,8,0
37,0,689,1,0,367,2,0
55,0,0,1,0,159,2,0
58,0,602,1,0,201,1,0
60,0,179,0,1,79,4,0
36,0,2987,1,0,307,1,0
38,0,-314,1,0,66,2,0
31,0,459,0,0,13,14,0
46,0,558,0,0,126,6,0
53,0,2231,1,0,272,3,0
28,0,2700,0,0,337,4,0
33,0,291,0,0,72,6,0
30,0,6164,1,0,152,11,0
30,0,1924,0,0,170,1,0
42,0,372,1,1,121,2,0
38,0,2569,0,0,172,1,0
40,0,-17,1,1,474,1,1
31,0,430,1,0,137,16,0
34,0,697,0,0,166,1,0
24,0,4500,1,0,733,2,0
35,0,13,0,0,94,2,0
30,0,569,0,0,976,12,0
39,0,355,1,0,313,5,0
32,1,4,1,1,132,8,0
32,0,739,1,0,171,1,0
42,0,-921,1,0,115,2,0
35,0,1257,1,0,93,3,7
36,0,4280,0,0,227,6,0
35,0,2793,0,0,258,2,0
41,0,-204,1,1,42,1,0
47,0,3973,0,0,732,2,0
36,0,1049,1,0,224,4,0
33,0,0,1,0,351,2,0
28,0,459,0,0,83,13,0
27,0,3083,1,0,244,2,0
38,0,593,1,1,1484,24,0
42,0,2416,1,0,138,4,0
42,0,473,1,0,216,5,0
41,0,641,1,0,161,1,0
33,0,99,0,0,159,1,0
57,0,0,0,0,540,1,0
27,0,0,1,0,198,13,0
59,0,975,1,0,263,4,0
42,0,613,1,0,432,2,0
27,0,-145,1,0,289,8,0
40,0,11084,0,0,113,1,0
26,0,5533,1,0,582,2,4
43,0,297,1,0,119,3,0
42,1,2,1,0,380,1,0
35,0,8652,1,0,103,6,0
33,0,2085,0,0,501,2,0
31,0,315,0,0,130,1,1
35,0,11219,0,0,699,2,1
53,0,2398,1,0,317,1,2
44,0,5181,1,1,18,7,0
24,0,3298,1,0,227,1,0
39,0,1046,0,0,112,4,0
43,0,4094,1,0,63,1,0
48,0,4099,0,0,397,2,0
34,0,6766,0,0,210,5,0
58,0,1382,0,0,700,1,0
55,0,3334,0,0,632,4,0
48,0,9207,0,0,445,3,0
38,0,389,1,0,262,1,0
27,0,3672,1,0,157,2,5
54,0,386,1,0,155,2,0
27,0,6421,0,0,147,4,0
45,0,185,1,0,249,3,0
34,0,464,1,0,173,1,2
43,0,0,0,0,106,4,0
47,0,225,0,0,1126,4,0
23,0,1129,1,0,806,1,0
44,0,93,0,0,125,2,0
47,0,480,1,0,211,2,0
41,0,1666,0,0,291,3,0
46,0,593,1,0,190,3,0
40,0,3571,0,0,222,3,0
34,0,1657,1,0,566,2,4
50,0,202,0,1,148,1,0
48,1,-13,1,0,20,6,2
26,0,443,0,0,84,3,0
33,0,212,1,0,260,2,0
30,0,1211,1,0,176,1,0
36,0,1318,1,0,100,2,0
54,0,208,0,0,255,1,0
48,0,5543,0,0,143,5,0
32,0,574,1,0,259,2,3
29,0,2893,1,0,250,1,0
48,0,507,1,0,528,1,0
41,1,720,0,1,651,1,0
32,0,1,1,0,399,4,0
48,0,108,1,0,89,2,0
42,0,1156,1,0,37,1,0
35,0,0,1,0,90,6,0
56,0,109,0,0,924,4,0
34,0,0,0,0,71,1,0
31,0,68,1,0,570,2,0
51,0,-379,1,0,261,1,0
31,0,35,0,1,229,1,0
30,0,236,1,0,197,1,0
52,0,1339,1,0,343,5,0
36,0,605,1,0,204,1,0
38,0,0,1,0,179,2,0
32,0,0,0,0,123,2,0
52,0,161,1,0,274,2,0
55,0,203,1,0,9,5,12
35,0,793,1,0,106,1,0
51,0,0,0,1,565,3,0
31,0,31,1,1,501,2,0
34,0,5462,0,0,430,1,0
49,0,5996,0,0,345,2,0
33,0,-424,1,0,863,1,0
40,0,542,1,0,1816,1,0
51,0,95,1,0,1309,4,0
56,1,-435,1,1,185,2,0
37,0,695,0,0,233,1,0
32,0,228,0,0,176,1,3
23,0,817,1,0,123,1,0
32,0,0,1,0,746,2,0
49,0,305,1,1,834,10,0
42,0,117,1,0,147,1,0
37,0,0,1,0,217,6,0
32,0,913,1,0,883,1,4
38,0,223,0,0,63,1,0
59,0,351,1,0,1063,5,0
31,0,352,1,0,97,9,0
38,0,902,1,0,58,13,0
30,0,151,0,0,82,4,0
56,0,0,0,1,542,1,0
35,0,39,0,0,149,2,0
36,0,300,0,0,287,1,0
37,0,603,1,0,773,2,0
51,0,35,0,1,123,4,0
32,0,329,1,0,321,1,0
42,0,-679,1,1,159,1,2
45,0,776,1,0,232,4,1
42,0,0,0,0,82,12,0
33,0,249,1,0,61,4,0
37,0,4760,1,0,187,2,0
56,0,1016,1,0,184,5,0
44,0,508,1,0,222,1,1
56,0,401,1,0,26,1,0
36,0,2944,0,0,882,8,0
45,0,49,0,0,65,2,0
47,0,109,1,0,268,1,0
33,0,137,0,1,305,12,0
38,0,424,1,0,279,1,0
31,0,864,1,0,113,2,0
33,0,1439,1,0,178,2,0
47,0,2540,0,0,110,5,0
46,0,217,1,0,141,1,2
24,0,1222,1,0,369,1,0
33,0,696,0,1,193,1,8
40,0,1327,1,1,76,2,0
36,0,167,1,0,57,1,0
35,0,221,1,0,150,1,1
44,0,22,1,0,265,2,0
66,0,747,0,0,203,3,1
43,0,136,0,0,363,7,0
40,0,1416,1,0,210,2,0
31,0,1987,1,0,55,2,0
59,0,2814,0,0,81,3,0
49,0,3608,1,0,231,1,0
41,0,7735,1,0,220,1,1
56,0,1504,1,0,66,2,0
42,0,603,1,0,298,5,0
35,0,275,0,1,144,5,0
43,0,-465,1,1,166,1,0
29,0,19,0,0,110,2,2
46,0,2232,0,0,121,1,0
36,0,613,0,0,86,2,0
46,0,-216,1,0,404,3,0
32,0,1694,1,0,929,1,0
30,0,901,1,1,601,1,0
42,0,372,1,0,654,2,0
33,0,-163,1,1,502,2,0
48,1,20,0,0,145,3,0
35,0,1810,1,0,65,2,0
34,0,415,0,0,123,1,0
44,0,759,1,0,397,1,0
55,0,989,1,1,246,4,0
40,0,0,1,0,228,2,6
48,0,-551,1,0,168,2,0
34,0,-73,1,0,90,1,0
33,0,13494,1,0,27,25,0
43,0,30,1,0,379,17,0
27,0,2171,1,0,130,1,1
37,0,103,1,0,153,1,0
49,0,87,0,0,165,1,0
37,0,1175,1,0,102,1,2
35,0,56,0,0,24,12,0
34,0,606,0,0,97,1,0
35,0,-12,1,0,212,5,0
53,0,765,1,0,959,3,7
53,0,980,1,0,352,1,0
31,0,1166,1,0,207,1,0
59,0,139,0,0,153,1,0
51,0,4,1,1,74,5,0
55,0,4809,1,0,223,2,3
46,0,7378,0,0,466,1,0
48,0,998,1,0,121,3,0
45,0,97,1,0,923,3,0
30,0,562,0,0,137,4,0
26,0,-887,1,0,827,2,0
60,0,225,0,0,54,2,0
26,0,74,1,0,106,6,0
32,0,336,1,0,139,1,0
52,0,-588,1,0,81,4,0
45,0,3854,1,0,10,3,0
50,0,-470,1,0,506,2,3
36,0,23,0,0,133,11,0
35,0,305,1,0,7,7,25
46,0,665,0,0,89,4,2
58,0,590,0,1,133,1,0
31,0,0,1,0,231,2,0
32,0,0,0,0,175,4,0
36,0,1133,1,0,293,1,2
35,0,0,1,0,121,2,0
46,0,494,1,0,724,1,0
38,0,86,1,0,218,1,0
42,0,0,0,0,325,2,0
39,0,2763,1,0,526,2,0
51,0,1415,1,0,151,3,0
33,0,1558,1,0,97,1,0
51,0,-15,0,0,212,2,0
50,0,1111,1,0,50,1,0
24,0,204,1,1,229,3,0
54,0,2171,1,1,1034,1,0
55,0,6880,0,0,353,2,0
32,0,577,0,0,101,2,0
48,0,113,0,1,38,1,0
50,0,181,1,0,599,2,0
44,0,8262,1,0,201,16,0
58,0,175,0,0,92,4,0
27,0,8366,0,0,458,2,1
45,0,7353,0,0,536,2,0
37,0,654,0,0,594,2,0
79,0,8556,0,0,326,2,2
41,0,666,1,0,253,3,0
36,0,0,1,0,60,1,1
59,0,3534,0,0,216,4,0
49,1,-1680,1,1,92,4,0
36,0,356,1,0,244,3,1
42,0,2613,1,0,174,6,0
43,0,99,0,0,24,3,0
40,0,952,0,1,140,1,0
58,0,1798,1,0,19,8,0
48,0,-19,0,1,270,1,0
37,0,3913,1,0,124,1,0
40,0,-1212,1,0,1259,2,18
31,0,1588,1,0,14,1,0
37,0,608,0,0,380,3,0
31,0,628,1,0,1083,2,0
35,0,3102,1,0,138,1,0
36,0,480,0,0,213,1,0
55,0,-966,0,1,104,1,0
41,0,400,1,0,99,6,0
37,0,2023,1,0,214,1,0
34,0,351,1,0,467,1,0
47,1,2,0,0,236,2,0
31,0,251,0,1,156,2,0
27,0,842,0,0,273,1,1
44,0,178,0,0,126,2,0
26,0,-32,1,1,14,6,0
38,0,1327,1,0,277,1,0
37,0,414,0,0,293,2,4
25,0,220,0,0,68,1,0
32,0,553,1,0,72,1,0
35,0,819,1,0,102,14,0
51,0,117,0,0,467,2,4
59,0,817,0,0,304,1,0
34,0,67,1,1,672,3,0
56,0,-1206,1,0,382,2,0
54,0,55,1,0,112,2,0
32,0,273,1,1,97,3,0
40,0,990,1,0,252,3,0
28,0,229,1,0,322,1,0
38,0,746,0,0,256,3,0
41,0,920,1,1,239,1,0
35,0,-587,1,0,111,1,0
39,0,3705,1,0,77,1,0
59,0,748,0,0,184,1,0
34,0,2178,1,0,41,1,0
48,0,5,0,0,65,6,0
33,0,991,1,0,148,1,0
36,0,-679,1,1,172,1,1
34,0,103,1,1,956,2,0
30,1,35,0,0,185,4,0
46,0,5,0,0,71,3,0
35,0,839,1,0,50,3,0
57,0,93,1,0,137,1,0
45,0,638,1,0,75,9,0
65,0,493,0,0,622,1,1
34,0,0,1,0,214,2,0
39,0,914,0,0,20,1,0
51,0,37,1,0,341,1,0
32,0,-28,0,1,400,1,0
22,0,549,0,0,154,1,0
31,0,10787,1,0,135,2,0
46,0,1069,1,0,45,2,0
54,0,7010,0,0,275,2,0
45,0,334,0,0,87,2,0
56,0,4073,0,0,239,5,0
49,0,66,1,1,59,4,0
39,0,9374,1,0,273,1,0
62,0,816,0,0,28,2,0
28,0,3694,0,1,70,2,0
58,0,6570,0,0,106,3,0
34,0,-315,1,0,56,2,0
45,0,88,0,0,150,2,0
38,0,4196,1,0,193,2,0
49,0,-147,1,0,390,1,0
48,0,1143,1,0,264,1,1
52,0,11,1,0,420,1,0
32,0,135,1,0,232,2,0
34,0,524,0,0,9,1,0
51,0,260,0,0,137,2,0
43,0,13044,0,0,36,4,0
55,0,1598,0,0,607,4,0
56,0,3337,1,0,99,3,0
50,0,112,1,0,70,5,5
54,0,1291,1,0,266,1,0
53,0,9146,0,0,136,4,0
50,0,1545,1,0,25,1,0
50,0,19447,1,1,166,1,0
30,0,411,0,0,142,1,0
49,0,902,0,0,210,2,0
28,0,0,1,0,335,2,8
48,0,312,1,1,369,2,0
21,0,361,0,0,329,1,1
43,0,2519,1,0,257,2,9
39,0,186,1,0,433,1,0
41,0,412,1,0,154,5,0
74,0,4079,0,0,343,3,0
30,0,-218,1,0,13,15,0
59,0,3800,0,1,70,1,0
26,0,205,0,0,111,1,0
22,0,246,1,0,25,1,0
33,0,8023,0,0,196,1,4
43,0,625,1,0,175,1,0
46,0,0,1,1,239,2,2
31,0,-186,1,0,172,3,0
51,0,1883,1,0,57,1,0
33,0,69,0,1,77,2,0
38,0,740,0,0,259,3,0
26,0,245,1,0,16,11,0
57,0,0,0,0,97,1,0
34,0,0,1,1,374,16,0
84,0,639,0,0,353,3,0
47,0,136,0,1,70,1,0
37,0,1698,1,0,95,2,0
38,0,168,1,1,212,3,0
53,0,0,1,1,135,5,0
38,0,157,0,0,299,5,0
39,0,0,0,0,108,7,0
41,0,121,1,0,16,6,5
51,0,3180,1,0,384,1,0
31,0,-230,1,1,715,1,0
57,0,7082,0,0,69,3,0
30,0,-99,1,0,144,5,0
41,0,1020,1,0,882,1,0
34,0,180,0,0,298,3,0
30,0,1221,1,0,279,4,0
42,0,-7,0,0,41,6,0
31,0,26965,0,0,654,2,0
32,0,3333,0,0,50,4,0
60,0,3043,0,0,235,3,0
30,0,192,0,0,423,1,0
43,0,0,1,1,539,8,5
38,0,868,0,0,452,2,0
48,0,1328,1,0,339,1,0
22,0,1161,0,1,119,1,0
49,0,1122,0,0,143,1,0
44,0,0,1,0,389,5,0
35,0,293,1,0,521,2,0
39,0,0,1,0,502,1,2
34,0,622,1,0,145,1,0
45,0,-311,1,0,1030,1,0
65,0,2179,1,0,112,7,0
58,0,309,0,0,156,2,0
32,0,0,1,0,138,1,0
33,0,79,1,0,249,2,2
40,0,1832,0,0,213,4,0
49,0,1114,0,0,283,1,0
35,0,2658,1,0,768,2,3
41,0,171,0,0,71,9,0
36,0,860,1,0,294,15,0
31,0,112,1,0,159,2,1
43,0,60,0,0,487,2,2
35,0,137,0,1,5,1,12
30,0,6495,0,0,78,3,0
61,0,1060,1,0,118,1,0
41,0,902,0,0,35,6,0
34,0,396,1,0,101,3,0
33,0,-56,0,1,119,5,0
59,0,2381,0,0,173,2,0
73,0,519,0,0,434,1,1
48,0,99,1,0,344,1,0
40,0,212,0,0,176,1,0
40,0,1206,0,1,201,5,0
33,0,5137,1,0,123,1,0
31,0,660,0,0,115,1,0
39,0,2644,1,0,253,1,0
35,0,148,0,1,199,1,0
36,0,179,0,0,411,1,0
30,0,424,0,0,298,4,0
39,0,-405,1,0,177,1,0
36,0,35,1,0,435,3,0
27,0,710,1,1,653,1,2
50,0,207,1,0,99,1,0
35,0,3636,0,1,808,2,0
45,0,118,1,0,208,2,0
47,0,14,1,0,142,1,0
41,0,0,0,0,141,2,0
27,0,-195,1,0,391,1,0
35,0,376,1,1,207,3,0
32,0,189,1,0,106,2,0
79,0,429,0,0,1006,2,0
25,0,34,0,1,316,1,0
30,0,616,1,0,19,1,0
40,0,99,0,0,15,5,0
27,0,1128,1,0,88,4,0
52,0,36,0,0,109,2,0
29,0,451,0,0,451,1,0
43,0,24,0,0,68,1,1
37,0,511,1,0,42,1,0
55,0,218,1,0,200,2,0
42,0,97,0,0,108,2,0
39,0,247,1,0,244,2,0
47,0,3696,0,0,250,2,4
50,0,199,1,1,116,2,1
32,0,132,1,1,343,2,0
30,0,124,0,0,161,2,0
46,0,410,0,1,162,5,0
59,0,0,0,0,87,4,0
33,0,804,1,1,266,1,0
51,0,518,1,0,76,1,0
41,0,2125,1,1,285,3,4
53,0,629,1,0,298,1,0
27,1,-1,0,0,60,2,0
34,0,96,0,0,109,2,0
57,0,107,0,0,85,2,0
43,0,5172,1,0,57,3,0
33,0,95,1,0,335,1,0
40,0,169,1,0,43,4,0
66,0,206,0,0,479,1,0
35,0,0,1,0,262,4,0
47,0,1060,1,0,83,3,0
52,0,335,0,0,411,1,1
32,1,-849,1,1,204,1,0
46,0,705,0,0,398,1,0
58,0,2,1,1,282,9,0
57,0,0,0,0,58,8,0
53,0,2096,0,0,104,1,0
48,0,191,1,0,238,3,0
37,0,5106,0,0,244,1,0
33,0,752,1,0,104,4,0
58,0,2729,0,0,188,1,0
50,0,669,1,0,88,1,0
39,0,8,0,0,88,3,0
36,0,491,1,0,103,3,0
39,0,3797,0,0,96,2,0
51,0,467,1,0,83,1,0
34,0,4943,1,1,117,2,0
32,0,0,0,0,126,2,0
55,0,2923,1,0,104,2,0
55,0,466,0,0,287,4,0
30,0,34,1,0,289,1,0
49,0,198,1,0,205,3,0
48,0,568,1,0,378,2,1
47,0,881,1,0,143,1,2
33,0,-118,1,1,421,3,0
24,0,-220,1,0,90,1,0
55,0,-612,0,0,131,2,0
41,0,21515,1,0,87,1,0
32,0,-84,1,0,426,1,0
38,0,279,1,0,110,5,0
68,0,4189,0,0,897,2,0
57,0,50,0,0,89,3,0
31,1,-282,1,0,131,3,0
32,0,2,1,0,16,9,1
32,0,347,1,0,213,1,6
34,0,0,0,0,270,1,0
54,0,0,0,0,94,5,3
46,0,3232,0,0,94,2,0
31,0,125,0,0,78,2,0
31,0,156,0,0,657,7,0
37,0,131,1,0,137,2,0
40,0,502,1,0,267,4,3
46,0,2262,0,0,44,14,0
39,0,52,0,0,69,1,0
36,0,3064,1,0,1143,4,0
53,0,1343,0,0,129,4,0
33,0,220,1,0,345,1,0
54,0,3,0,1,443,1,0
69,0,426,0,0,225,1,1
35,0,2975,0,0,249,2,0
54,0,1327,0,0,115,2,0
50,0,13,1,0,76,1,0
36,0,168,1,0,52,1,0
43,0,667,1,0,228,3,0
30,0,400,1,0,223,1,0
34,0,703,1,0,342,1,0
29,0,-20,0,1,574,1,0
43,0,92,1,0,237,2,0
34,0,632,0,0,215,10,0
33,0,0,1,1,275,8,0
30,0,149,1,0,220,2,0
27,0,15,0,1,177,1,0
33,0,1808,1,0,99,4,0
42,0,-189,1,0,247,2,0
34,0,171,1,0,191,1,1
61,0,5207,0,0,336,1,2
39,0,839,0,0,825,2,0
30,0,6619,1,0,239,8,0
51,0,42,1,0,51,2,3
34,0,5320,0,0,114,6,5
59,0,0,0,0,493,2,0
33,0,22,0,0,76,2,1
32,0,112,1,0,118,1,0
31,0,2603,1,0,280,4,0
42,0,149,0,0,94,2,0
37,0,189,0,0,238,1,2
57,0,452,1,0,139,4,0
33,0,640,0,0,318,1,0
38,0,14058,0,0,293,20,0
49,0,133,0,0,319,6,0
38,0,104,1,0,606,3,0
52,0,1331,1,0,213,2,0
34,0,293,1,0,162,3,0
46,0,1693,1,0,137,1,1
44,0,1206,0,0,160,2,0
38,0,1205,1,0,45,4,1
50,0,769,0,0,72,2,4
49,0,47,0,0,234,2,0
27,0,5,1,0,205,3,0
47,0,0,0,0,508,1,0
41,0,879,0,1,60,4,0
31,0,631,1,0,248,4,0
31,0,589,1,1,151,1,0
53,1,-200,0,1,161,1,0
55,0,159,0,0,159,1,0
29,0,1026,0,0,226,1,1
58,0,145,1,1,128,2,0
62,0,0,0,0,78,3,0
36,0,495,0,0,213,3,6
32,0,413,1,0,712,2,0
31,0,401,0,0,96,3,0
58,0,5092,0,0,199,6,0
31,0,6,1,0,821,1,0
57,1,32,1,0,476,3,0
48,0,1175,1,0,1476,3,0
50,0,94,1,0,184,4,0
60,0,1088,1,0,149,1,0
41,0,343,1,0,89,7,0
31,0,4148,1,0,316,3,9
55,0,4103,0,0,291,1,0
38,0,0,1,0,71,1,0
26,0,50,1,0,153,1,0
42,0,233,0,0,446,1,0
41,0,1088,1,0,138,1,0
34,0,176,0,0,61,4,0
38,0,156,1,0,544,3,0
44,0,1679,0,0,718,1,0
50,0,72,0,0,141,2,0
28,0,1453,1,0,246,1,1
38,0,226,1,0,762,3,0
58,0,-123,0,0,131,2,0
39,0,426,0,0,1029,1,0
27,0,100,0,0,57,2,0
42,0,8131,1,0,69,1,0
29,0,751,1,0,121,2,0
37,0,3953,1,0,610,2,1
30,0,329,1,0,122,16,0
39,0,2,1,0,180,1,0
33,0,8023,0,0,107,1,3
30,0,0,1,0,20,1,0
42,0,-247,1,1,519,1,1
49,0,320,0,0,1971,4,0
54,0,876,0,0,269,3,3
47,0,826,1,0,195,3,8
41,0,437,1,0,14,21,0
54,0,2819,0,0,123,3,0
31,0,1368,1,0,129,4,0
52,0,-11,1,0,94,4,0
39,0,246,0,0,86,2,0
29,0,2325,0,0,125,1,0
53,0,451,1,0,125,1,2
46,0,1790,1,0,214,5,0
51,0,160,1,0,136,1,1
50,0,4012,0,0,690,3,0
33,0,273,1,0,803,1,0
27,0,362,1,0,332,2,0
45,0,2418,1,0,120,1,0
50,0,32,0,0,282,2,0
32,0,1583,1,0,100,1,1
45,0,844,0,0,1018,3,0
53,0,3177,0,0,92,2,0
30,0,371,0,0,124,2,0
43,0,10910,1,0,66,2,0
31,0,1343,1,1,85,1,0
51,0,712,0,0,287,2,0
53,0,27,1,0,230,3,0
23,0,363,1,0,16,18,0
45,0,5346,1,1,187,1,0
36,0,55,1,0,38,2,4
80,0,8304,0,0,712,1,12
38,0,4425,1,0,162,1,0
35,0,175,1,0,257,2,0
38,0,-242,1,0,1173,3,6
29,0,11417,1,0,272,2,0
34,0,2374,1,0,161,1,2
53,0,4086,0,0,14,3,0
34,0,1847,1,0,543,3,6
51,0,30,1,0,333,2,0
58,0,543,0,1,264,3,0
44,0,-182,1,1,10,10,0
44,0,0,1,1,161,1,0
49,0,0,1,0,177,3,0
47,0,214,1,1,168,1,0
83,0,0,0,0,664,1,3
39,0,794,0,0,182,1,0
28,0,1480,1,0,143,1,0
49,0,323,1,0,41,2,0
31,0,2363,1,0,247,1,0
47,0,51,1,1,312,1,0
39,0,0,1,0,503,1,0
28,0,2788,1,0,369,2,0
24,0,822,0,0,184,1,2
55,0,2678,0,1,151,12,0
39,0,163,1,0,107,2,0
35,0,0,0,0,669,6,0
35,0,560,1,0,58,1,1
45,0,248,0,0,212,2,0
45,0,1477,1,0,355,1,0
51,0,2237,1,0,619,1,0
40,0,2805,1,0,173,6,23
35,0,444,1,0,244,3,0
35,0,152,1,0,563,1,0
37,0,658,1,0,175,1,0
30,0,445,1,0,218,1,2
35,0,0,1,0,151,7,0
29,0,455,0,0,403,1,0
59,0,1427,0,0,140,2,0
50,0,0,0,0,152,2,0
26,0,81,0,0,262,3,0
35,0,0,1,0,169,1,0
47,0,751,0,0,408,14,0
32,0,2693,1,0,16,1,0
44,0,460,0,0,491,1,0
26,0,-147,0,0,95,2,0
47,0,1279,1,0,479,2,0
27,0,1566,0,0,164,5,0
52,0,108,1,0,543,12,0
52,0,0,0,0,145,3,4
39,0,-276,0,1,121,4,0
22,0,2488,0,0,449,2,10
36,0,3953,1,0,277,1,0
38,0,4366,1,0,188,2,0
37,0,427,1,1,371,3,0
70,0,1164,0,0,338,3,2
51,0,1069,1,0,247,2,0
56,0,0,1,0,154,2,0
52,0,1141,1,0,22,5,0
21,0,137,1,0,198,3,0
37,0,0,0,0,143,1,0
48,0,0,0,0,176,15,0
47,0,162,1,0,203,4,0
34,0,250,1,0,193,6,0
28,0,101,1,0,126,4,0
50,0,3463,0,1,96,1,0
27,0,76,1,0,236,1,0
55,0,0,0,0,336,1,0
32,0,116,0,1,255,2,0
73,0,1388,0,0,146,3,3
51,0,2967,0,0,83,2,0
48,0,-70,0,0,243,1,0
42,0,130,1,0,285,1,0
35,0,262,0,0,96,2,4
30,0,7845,1,0,59,1,0
42,0,1519,0,0,230,1,1
25,0,2506,0,0,485,1,0
31,0,1545,1,1,207,1,0
34,0,613,1,0,80,1,0
46,0,25,0,0,564,2,0
31,0,389,1,0,69,1,2
49,0,5673,0,1,357,3,0
43,0,64,0,0,230,2,0
31,0,5,1,1,101,7,0
48,0,1355,0,0,134,2,0
30,0,1372,0,0,240,2,0
37,1,0,1,0,108,1,0
31,0,0,1,0,143,1,0
27,0,4848,1,1,82,3,0
35,0,3587,1,0,148,4,0
31,0,1660,1,0,342,1,0
56,0,2038,0,0,405,1,1
37,0,0,0,0,129,4,2
42,0,0,1,0,71,1,0
50,0,1138,0,0,219,10,0
37,0,547,1,1,143,1,0
44,0,7138,0,0,809,2,0
28,0,43,0,0,190,1,0
54,0,0,0,0,986,1,8
26,0,179,0,0,103,3,0
42,0,759,0,0,97,1,3
43,0,1304,0,0,501,2,0
33,0,625,1,0,410,1,0
45,0,-206,1,0,337,2,0
36,0,60,0,0,209,2,0
42,0,515,1,0,501,2,0
44,0,221,0,0,149,13,0
38,0,0,1,0,121,2,0
28,0,177,1,1,150,1,0
39,0,1367,0,0,43,1,0
34,0,1011,1,0,136,1,0
54,0,0,0,0,618,1,0
47,0,4906,1,0,389,1,0
35,0,603,1,0,474,2,0
33,0,0,0,0,224,8,0
54,0,209,1,1,97,1,0
32,0,473,1,0,624,5,0
34,0,1387,0,0,121,1,0
55,0,2366,1,1,94,4,0
49,0,2039,1,0,283,2,0
41,0,1646,1,0,261,1,6
53,0,146,0,0,150,1,0
38,0,578,1,0,112,2,0
57,0,808,0,0,274,1,0
56,0,2190,0,1,90,2,1
64,0,2923,0,0,120,1,0
44,0,-1313,1,1,104,10,0
30,0,1009,1,0,253,1,0
33,0,661,1,0,968,1,0
46,0,4958,1,0,64,3,5
42,0,-411,1,0,78,5,3
57,0,839,0,1,225,1,0
37,0,2610,1,0,53,1,0
36,0,1328,1,0,82,4,0
47,0,5306,1,0,322,1,0
37,0,504,1,0,555,1,0
26,0,128,0,0,355,1,0
29,0,15,0,0,136,1,0
40,0,192,1,0,71,11,0
58,0,1142,0,0,82,3,0
36,0,42,1,0,102,4,0
30,0,501,1,1,514,1,0
38,0,0,1,0,185,3,0
38,0,1960,1,0,161,2,0
42,0,275,0,0,31,8,0
31,0,2,1,1,112,1,0
27,0,73,0,0,242,1,0
31,0,969,0,0,95,1,0
26,0,856,1,1,95,5,0
59,0,3573,0,0,44,1,0
32,0,787,0,0,92,1,0
59,0,345,0,0,38,1,0
36,0,191,0,0,69,1,0
37,0,480,0,0,344,2,8
40,0,61,1,0,112,3,0
54,0,0,0,0,161,1,2
52,0,2072,0,0,224,1,0
36,0,756,0,0,396,3,0
32,0,2881,0,0,356,1,0
26,0,3529,0,1,57,2,0
31,0,438,1,0,130,2,0
54,0,3859,0,1,104,3,0
42,0,2030,1,1,196,1,0
49,0,265,1,0,274,6,0
27,0,54,1,0,543,2,0
62,0,1859,0,0,245,3,0
40,0,1876,0,1,269,1,0
61,0,6016,0,0,670,3,0
41,0,3872,0,0,231,1,0
39,0,4722,1,0,483,1,0
32,0,48,1,0,8,3,0
38,0,1373,0,0,119,4,0
39,0,179,0,0,36,1,0
30,1,4,1,0,84,3,0
32,0,517,1,0,528,1,0
52,0,1623,1,0,21,17,0
31,0,1957,0,0,112,3,0
32,0,180,1,0,45,2,0
33,0,3470,0,0,285,2,0
52,0,1308,1,0,361,1,0
28,0,232,1,1,72,1,1
34,0,50,1,0,89,2,0
55,0,138,0,0,205,1,0
37,0,715,1,0,247,2,0
29,0,361,1,1,819,3,0
26,0,279,0,0,239,3,0
38,0,4335,1,0,640,1,0
32,0,217,1,1,317,5,0
50,0,2061,1,1,197,2,3
34,0,0,1,0,116,4,0
46,0,1427,1,0,32,3,0
38,0,0,0,0,39,2,0
53,0,66,0,1,141,1,0
46,0,4855,1,0,1529,1,1
69,0,279,0,0,26,1,0
46,0,-121,1,1,214,4,0
37,0,865,1,0,101,1,0
31,0,2104,1,0,455,1,0
35,0,308,0,0,77,2,0
50,0,806,1,1,141,8,2
28,0,16,0,0,119,4,0
47,0,6637,1,0,174,2,0
33,0,1897,1,1,197,1,0
56,0,2959,1,0,325,1,0
33,0,-67,1,0,364,1,0
45,0,5450,0,0,188,2,0
46,0,0,0,0,161,1,0
50,0,100,1,1,157,1,3
38,0,221,0,0,79,3,0
28,0,64,1,0,160,3,0
31,0,694,1,0,431,2,0
41,0,0,0,0,239,1,2
31,0,202,1,0,146,1,0
58,0,883,0,0,543,1,2
33,0,474,0,0,400,2,0
54,0,0,0,0,220,1,0
33,0,201,1,0,171,1,1
33,0,2,1,0,132,1,0
42,0,260,1,0,175,2,0
44,0,-11,1,0,13,1,0
32,0,11797,1,0,95,2,0
33,0,1064,1,0,562,1,0
49,0,197,1,0,223,1,2
33,0,3696,0,0,305,1,3
31,0,388,1,0,730,2,0
33,0,3576,1,0,124,1,2
45,0,1410,0,0,71,2,0
48,0,112,0,0,139,5,0
57,0,0,0,1,104,2,0
58,0,37,0,0,84,11,0
38,0,361,1,0,601,1,0
67,0,2301,0,0,124,1,0
27,0,261,1,1,113,1,0
52,0,230,1,0,198,2,2
59,0,1585,0,0,91,5,0
42,0,10907,0,0,74,3,0
39,0,3575,0,1,74,3,0
48,0,197,0,1,47,2,3
39,0,266,0,0,102,2,0
45,0,242,0,0,587,1,0
46,0,-852,0,1,728,2,0
39,0,4143,1,1,21,1,0
35,0,1145,1,0,82,2,0
34,0,2211,0,0,149,1,0
27,0,-220,1,0,138,2,0
43,0,1188,0,0,140,2,0
33,0,2098,0,0,67,1,0
34,0,1897,1,1,441,1,0
32,0,1731,1,1,323,3,0
53,0,-2,1,1,144,2,0
29,0,1,0,0,167,3,0
30,0,-477,0,1,1532,2,0
44,0,-710,1,0,183,1,0
41,0,2993,1,0,24,12,0
47,0,168,1,0,66,1,1
25,0,331,0,0,170,4,0
50,0,2284,1,0,1088,17,0
33,0,1925,1,0,76,2,0
27,1,-584,1,0,411,2,0
46,0,1429,1,0,91,1,0
31,0,271,0,0,89,1,0
36,0,608,0,0,125,2,0
37,0,3561,1,0,98,1,0
59,0,235,0,0,119,2,0
39,0,-606,1,0,142,1,0
36,0,2394,0,0,184,2,0
34,0,0,1,0,78,4,0
32,0,406,1,0,227,1,0
35,0,126,0,0,112,2,0
33,0,0,0,0,236,10,0
30,0,4,0,0,443,2,0
36,0,0,0,0,637,1,0
33,0,1412,1,0,480,1,0
38,0,-196,1,0,60,1,1
40,0,1361,0,0,1473,1,0
37,0,190,1,1,194,1,0
58,0,937,0,0,155,1,0
46,0,-35,1,0,304,3,0
25,0,-242,1,1,600,4,4
34,0,674,1,0,587,2,0
46,0,120,1,0,20,11,0
33,0,-346,1,1,29,3,0
36,0,2806,1,0,358,4,0
50,0,341,1,1,670,4,2
35,0,1350,1,0,185,1,1
40,0,1100,1,0,660,2,0
42,0,753,0,0,31,1,0
37,1,375,0,0,223,2,0
41,0,4824,0,1,168,7,0
34,0,184,0,0,203,4,0
47,0,2642,0,0,310,2,0
34,0,84,0,0,231,1,0
39,0,691,1,1,517,1,1
30,0,42,0,0,115,6,0
53,0,1796,0,0,295,1,2
31,0,99,1,0,193,2,1
44,0,0,0,0,71,1,0
42,0,3620,1,0,22,16,0
40,0,1012,1,0,410,1,0
52,0,592,0,0,122,2,0
33,0,3170,0,0,246,2,0
36,0,876,1,0,241,2,0
24,0,9,1,0,292,7,0
29,0,242,1,0,73,4,0
30,1,239,1,0,412,1,0
49,0,322,0,0,356,2,0
33,0,1909,0,0,191,2,0
31,0,1243,1,0,32,1,0
57,0,23,1,0,25,8,0
44,0,7635,0,0,719,5,0
34,0,1116,1,0,53,5,0
43,0,3274,1,0,680,1,1
53,0,751,1,0,343,4,0
45,0,61,0,0,108,1,0
34,0,691,1,1,70,1,0
49,0,2576,1,0,64,6,0
57,0,523,0,1,49,6,0
34,0,1906,1,0,68,3,0
45,0,410,1,0,891,4,0
53,0,7290,1,0,153,1,0
35,0,2830,0,0,22,12,0
37,0,140,1,1,490,1,0
43,0,2886,0,0,230,1,0
46,0,67,0,0,9,1,0
48,0,17,1,1,81,1,0
31,0,212,1,0,191,3,0
35,0,949,1,0,245,2,0
48,0,705,0,0,108,2,0
48,0,1150,1,0,357,1,0
35,0,181,1,0,5,3,0
34,0,0,0,1,193,4,0
35,0,980,0,0,428,2,6
38,0,3576,0,0,349,2,1
60,0,0,0,0,40,1,0
37,0,4760,1,0,182,2,2
34,0,436,1,0,28,1,1
41,0,231,0,0,352,2,0
30,0,566,0,0,110,1,0
60,0,4256,1,0,239,3,1
71,0,353,0,0,208,1,2
42,0,198,1,0,314,1,0
60,0,5,0,0,63,2,0
45,0,586,0,1,32,3,0
42,0,5774,1,0,54,2,0
37,0,189,0,0,148,4,0
34,0,-72,1,0,273,5,0
50,0,-1,0,0,195,2,0
60,0,0,0,1,124,1,0
53,0,2240,1,0,282,2,1
55,0,61,1,1,113,3,0
36,0,16,1,1,95,4,0
45,0,1783,0,0,11,11,0
38,0,-558,1,0,533,1,0
59,0,1881,0,0,456,2,0
30,0,-28,1,0,284,2,1
23,0,589,1,0,62,1,0
36,0,-308,1,0,725,1,0
35,0,1160,1,0,116,3,0
26,0,1700,1,0,13,5,0
49,0,687,1,0,772,1,0
32,0,103,0,0,312,1,0
58,0,2223,0,0,1139,2,1
52,0,6922,0,0,371,1,0
35,0,1067,0,1,179,6,0
27,0,7,1,0,98,2,0
33,0,-195,0,0,9,1,0
46,0,1148,0,0,104,2,0
30,0,940,0,0,131,2,0
25,0,402,0,1,264,1,0
44,0,1424,1,0,201,2,0
32,0,255,1,1,86,2,0
41,0,-29,0,0,41,2,2
34,0,8038,1,0,29,3,1
38,0,-388,1,0,412,1,0
30,0,931,0,0,1183,1,0
31,0,459,1,0,623,1,1
57,0,169,0,0,180,1,2
34,0,573,0,0,122,1,0
38,0,1513,0,0,330,1,1
45,0,0,0,0,145,10,0
28,0,0,0,0,198,2,0
28,0,1027,1,0,433,1,0
32,0,3935,1,0,129,2,0
32,0,2285,1,0,413,2,0
30,0,638,0,0,358,6,0
57,0,0,0,0,257,2,0
38,0,0,1,0,213,2,0
40,0,0,0,0,543,2,0
40,0,219,1,0,204,2,1
36,0,1482,1,0,177,2,1
41,0,5037,0,0,252,9,5
34,0,456,1,1,137,8,0
34,0,0,1,1,172,4,0
72,0,4415,0,0,120,1,0
40,0,-1,0,0,173,1,0
55,0,1580,0,1,1007,1,0
26,0,256,1,0,101,2,0
30,0,3107,1,0,1516,2,0
28,0,1325,1,0,242,1,0
39,0,111,0,0,201,2,0
28,0,0,1,0,479,1,0
27,0,769,1,0,317,2,0
41,0,75,1,0,479,9,0
49,0,358,1,1,176,3,0
45,0,1529,0,0,160,1,0
36,0,2357,1,0,228,2,0
44,0,773,0,1,618,1,0
27,0,15,1,0,67,3,0
32,0,795,0,0,131,3,0
47,0,320,0,0,203,2,0
56,0,83,0,0,26,11,0
27,0,3792,0,0,279,2,0
39,0,501,0,0,289,1,0
40,0,440,1,0,327,2,0
34,0,0,1,0,262,1,2
53,0,427,0,1,360,4,0
35,0,475,0,1,936,4,0
50,0,4108,1,0,526,2,0
31,0,775,0,0,361,1,0
36,0,257,1,0,86,2,0
33,0,245,1,1,253,3,0
41,0,8238,1,1,124,4,0
32,0,889,1,0,185,1,5
40,0,-839,1,1,1018,2,0
37,1,0,0,0,236,1,0
55,0,8894,0,0,262,1,0
32,0,759,1,0,317,5,0
57,0,139,0,0,80,1,0
32,0,5878,0,0,159,2,0
34,0,1076,0,0,70,2,0
34,0,997,1,1,81,1,0
51,1,34,0,1,200,1,0
45,0,204,1,0,224,2,0
45,0,998,1,0,38,2,0
29,0,0,1,0,104,2,0
57,0,3250,0,0,162,3,0
58,0,4007,0,0,598,4,0
56,0,205,0,1,442,2,0
29,0,1117,1,0,77,2,0
47,0,2322,0,0,618,1,0
42,0,5564,0,0,560,2,0
34,0,0,0,0,63,2,0
30,0,81,1,0,121,6,3
31,0,1210,0,0,350,1,0
30,0,1808,1,0,83,2,0
50,0,-701,1,1,148,1,0
58,0,172,0,0,145,7,0
30,0,57,0,0,465,2,0
51,0,2934,1,0,727,4,0
33,0,0,1,0,270,1,0
50,0,0,0,0,72,5,0
44,0,438,1,0,37,3,1
44,0,476,1,1,127,2,0
41,0,340,0,0,37,3,0
47,0,-50,0,1,175,1,0
54,0,1114,1,0,81,1,0
54,0,653,1,0,352,1,0
41,0,3823,0,0,234,10,0
59,0,2358,1,0,30,1,0
36,0,4438,1,0,446,1,0
36,0,0,1,0,145,2,0
34,0,2679,1,0,195,1,0
25,0,913,1,0,113,4,0
35,0,714,1,0,135,22,0
51,0,0,0,0,60,2,0
42,0,1520,1,0,115,1,0
48,1,-20,0,0,142,2,0
57,0,14,0,1,445,2,0
36,0,1830,0,0,183,1,11
26,0,203,0,0,104,1,1
53,0,6095,1,1,410,5,0
56,0,238,1,0,808,1,0
34,0,992,1,0,301,1,2
41,0,1172,1,0,153,1,0
24,0,119,0,0,51,1,0
44,0,-1746,1,0,218,1,0
32,0,0,0,0,268,2,0
41,0,771,1,0,106,8,0
50,0,36,0,0,104,10,0
37,0,23,0,0,289,2,0
32,0,687,1,0,61,1,0
28,0,4229,1,1,205,2,0
37,0,6968,0,0,175,1,0
56,0,334,1,0,127,2,0
60,0,0,0,1,151,1,0
38,0,3234,0,0,578,2,0
26,0,1064,0,0,113,1,0
53,0,206,0,0,87,6,0
44,0,529,1,0,129,4,0
50,0,4,0,0,223,1,2
37,0,176,1,0,147,2,1
67,0,696,0,0,77,2,0
31,0,462,1,1,147,1,0
58,0,16264,0,0,215,3,0
35,0,725,1,0,219,7,1
35,0,633,1,0,128,3,0
31,0,355,1,1,61,6,0
51,1,-55,1,0,281,2,6
48,0,4415,1,0,1032,3,7
32,0,0,1,0,455,2,0
33,0,50,1,0,246,2,0
39,0,157,1,0,99,6,0
38,0,821,1,1,224,2,1
58,0,781,1,0,74,2,0
37,0,-242,1,0,1149,6,0
42,0,251,0,0,413,2,0
41,0,532,1,0,74,1,0
30,0,0,1,0,661,1,0
34,0,174,0,0,259,4,0
32,0,-63,1,0,198,1,0
38,0,126,1,0,164,2,0
35,0,5958,1,0,215,1,0
27,0,3276,0,0,106,1,2
37,0,836,1,0,129,2,0
37,0,378,1,0,514,1,0
40,0,69,1,0,503,2,2
27,0,3733,1,0,198,1,6
29,0,1070,1,0,30,1,1
38,0,506,1,1,122,1,0
32,0,396,1,0,205,3,0
45,0,-179,0,0,155,2,0
52,0,575,0,0,315,1,0
54,0,3671,0,0,67,3,0
60,0,366,0,0,593,1,0
55,0,3450,0,0,169,1,1
50,0,2142,1,0,309,2,1
44,0,310,1,0,200,1,1
56,0,551,0,0,27,1,0
53,0,619,0,0,198,6,0
41,0,1536,0,0,54,2,0
28,0,131,1,0,147,5,0
39,0,1242,1,0,303,3,0
37,0,0,1,0,24,1,0
56,0,344,1,0,221,1,0
46,0,1410,1,0,93,1,8
32,0,2431,1,0,646,5,0
31,0,338,1,0,155,1,0
39,0,267,0,0,1151,5,0
32,0,4089,0,0,114,7,3
38,0,46,0,0,70,4,0
46,0,368,0,0,293,1,4
55,0,1665,0,0,89,2,0
33,0,0,0,0,53,4,0
38,0,7124,0,0,301,6,0
49,0,12531,0,0,77,8,0
34,0,2594,1,0,161,3,0
35,0,93,0,0,198,2,1
34,0,2552,1,1,74,1,0
41,0,0,0,1,630,3,0
26,0,802,0,0,77,1,2
36,0,980,0,0,118,4,7
57,0,589,1,0,223,1,4
42,0,83,0,1,184,1,0
41,0,176,1,1,42,1,0
30,0,162,1,0,186,4,0
44,0,2984,1,0,770,2,0
48,0,1808,1,0,245,1,0
48,0,3064,1,0,159,2,0
54,0,3222,0,0,67,2,0
32,0,0,1,1,159,2,2
32,0,286,0,0,60,1,4
36,0,1313,1,0,8,10,0
49,0,-97,1,0,92,2,0
50,0,201,1,0,248,1,0
29,0,358,0,0,88,5,0
41,0,0,0,0,101,1,0
43,0,634,1,0,65,1,1
26,0,0,0,0,755,1,0
31,0,1882,0,0,529,2,0
36,0,1927,1,0,288,1,1
34,0,2646,0,0,142,1,0
29,0,872,1,0,230,1,0
34,0,144,1,1,104,1,19
29,0,428,1,1,54,1,2
56,0,306,0,1,212,1,0
47,0,233,0,0,293,3,0
51,0,1466,1,0,406,2,0
40,0,177,1,1,742,4,0
53,0,624,0,1,180,4,0
49,0,3018,1,0,93,1,0
50,0,810,1,0,19,14,0
38,0,3419,1,0,324,5,0
49,0,25824,0,0,94,1,0
56,0,478,0,0,97,1,0
57,0,206,1,0,216,3,0
51,0,423,1,1,95,1,0
48,0,1598,1,0,84,1,0
42,0,230,1,0,175,7,0
49,1,-74,1,0,114,1,0
52,0,64,0,0,20,2,0
48,0,5173,1,0,88,8,0
61,0,985,0,0,998,6,0
39,0,5731,1,0,175,2,0
24,0,-254,1,1,290,2,0
42,0,5639,1,0,430,2,0
45,0,0,1,0,768,2,5
71,0,383,0,0,327,2,3
41,0,389,1,0,87,6,0
40,0,888,1,0,169,2,0
37,0,954,1,0,402,9,0
44,0,33,1,0,195,3,10
36,0,1109,0,0,328,2,0
63,0,474,0,0,423,1,0
34,0,1666,1,0,30,1,0
34,0,3990,1,0,633,7,0
29,0,0,0,0,58,1,0
57,0,367,0,0,107,2,0
37,0,52,1,0,359,1,0
41,0,618,0,0,1056,1,0
47,0,477,1,0,973,1,1
34,0,1007,1,0,240,2,0
36,0,1925,1,0,904,2,0
37,0,132,0,0,336,2,0
27,0,-79,1,0,385,5,0
35,0,2723,1,1,275,4,0
24,0,1847,0,0,390,1,0
50,0,203,1,0,265,1,4
42,0,-396,1,0,80,1,4
49,0,1916,0,1,281,3,0
43,0,1335,1,0,371,2,0
32,0,267,0,0,128,1,0
43,0,3403,1,0,707,2,2
36,0,895,1,1,622,1,0
56,0,379,0,0,58,5,0
40,0,-117,1,0,770,2,0
32,0,2478,0,1,395,1,0
48,0,263,1,0,350,2,0
26,0,115,1,0,46,3,0
35,0,46,0,0,338,3,0
30,0,1210,0,0,100,4,0
33,0,1134,1,0,304,2,0
56,0,-229,0,1,55,10,0
55,0,1102,1,0,126,2,0
53,0,4994,0,0,62,6,0
46,0,781,0,0,152,1,0
43,0,255,1,0,180,1,0
25,0,4590,1,0,199,2,0
44,0,3762,0,0,125,12,0
33,0,142,1,0,123,1,3
34,0,291,0,0,91,2,0
49,0,937,1,0,66,1,0
43,0,3060,1,0,253,2,0
34,0,8,0,0,169,4,0
46,0,22,1,0,414,4,0
58,0,1831,0,0,1531,1,0
44,0,1136,1,1,345,2,7
59,0,319,0,0,129,1,0
53,0,2627,1,1,18,30,0
59,0,204,0,0,286,2,0
27,0,-247,1,1,344,2,0
33,0,75,0,0,204,4,0
28,0,442,0,0,474,3,3
30,0,0,1,0,756,3,0
40,0,1509,0,0,144,2,1
26,0,396,1,0,302,1,0
51,0,397,1,0,293,2,0
31,0,171,0,0,81,3,0
52,0,428,1,0,153,1,0
36,0,3343,0,0,307,1,0
33,0,82,1,0,63,2,0
34,0,-228,1,0,187,3,3
45,0,-839,1,0,68,1,0
28,0,4745,0,0,360,1,5
29,0,113,0,0,328,2,4
28,0,0,0,0,294,2,7
33,0,2155,0,0,295,1,0
34,0,13683,1,0,115,3,0
25,0,1433,1,0,520,1,0
35,0,94,1,1,208,5,0
32,0,705,1,0,20,4,0
36,0,119,0,0,127,8,0
51,0,1634,1,0,168,4,0
33,0,932,1,0,226,1,0
26,0,75,1,1,351,1,0
44,0,17361,0,0,476,1,0
49,0,769,1,0,257,1,0
49,0,889,0,0,388,1,0
56,1,1238,0,0,1558,1,0
35,0,252,1,0,89,2,0
24,0,-46,1,0,23,1,0
48,0,541,1,0,72,1,2
32,0,537,0,0,187,3,0
31,0,8312,0,0,43,13,0
30,0,-94,1,0,41,2,0
49,0,1019,1,0,285,5,0
34,0,584,1,0,154,2,0
42,0,1322,1,1,178,1,0
34,0,-563,1,0,252,1,0
31,0,33,0,0,165,4,0
34,0,1171,1,0,129,1,0
54,0,89,1,0,140,3,0
63,0,8044,0,0,702,1,0
35,0,2288,0,0,32,2,0
38,0,-70,1,0,140,1,3
38,0,0,1,0,29,32,0
32,0,228,1,0,1017,6,0
41,0,22,1,0,238,3,4
36,0,837,0,0,68,6,0
44,0,1378,1,0,257,2,0
28,0,373,1,0,10,9,1
31,0,874,1,0,190,2,0
45,0,0,0,0,454,2,0
50,0,395,1,0,419,2,0
51,0,463,1,0,213,5,0
26,0,236,1,1,8,2,0
24,0,172,0,0,67,2,0
48,0,1159,1,1,1181,9,0
30,0,25,0,0,44,1,0
33,0,296,0,0,90,2,0
51,0,5801,1,0,147,2,0
27,0,54,1,0,97,1,1
47,0,1149,0,1,82,2,0
32,0,138,0,0,94,4,0
46,0,2904,0,0,277,2,0
56,0,318,0,1,246,3,0
32,0,3014,1,0,291,2,0
32,0,1905,1,0,709,2,0
55,0,159,0,0,15,1,0
31,0,309,1,1,294,1,0
37,0,267,0,0,121,1,0
32,0,53,1,0,276,1,1
32,0,1259,0,0,184,2,0
34,0,13204,1,1,197,2,0
36,0,-206,1,0,177,2,0
40,0,6,0,0,140,1,0
34,0,41,1,0,34,9,0
31,0,325,1,0,1139,2,0
46,0,46,0,1,80,1,1
53,0,0,0,0,77,9,0
87,0,230,0,0,144,1,0
48,0,292,1,1,164,6,0
35,0,0,0,0,122,3,0
27,0,23,0,0,590,2,0
34,0,4659,1,0,28,1,0
32,0,33,1,0,125,1,4
52,0,118,0,0,16,20,0
34,0,479,1,0,515,1,5
35,0,8883,0,0,33,3,0
40,0,194,0,1,189,2,0
32,0,14533,0,0,646,3,2
66,0,1948,0,0,216,1,4
60,0,362,0,1,816,6,0
27,0,671,1,0,332,2,0
56,0,705,1,0,151,2,0
28,0,231,1,1,568,2,0
29,0,415,1,1,449,4,0
30,0,790,0,0,696,3,0
33,0,1,1,0,257,1,0
33,0,9305,1,0,407,2,0
42,0,969,1,0,721,1,0
31,0,574,1,0,410,2,0
58,0,983,0,0,139,1,0
45,0,1929,1,0,44,15,0
49,0,280,1,0,162,3,0
33,1,10,1,1,167,5,0
41,0,108,1,1,83,7,0
46,0,276,1,1,157,2,0
25,0,914,1,0,185,2,0
59,0,179,1,0,55,3,0
30,0,239,1,0,115,3,0
29,0,778,1,0,1994,2,0
38,0,1370,1,0,472,2,0
32,0,-59,0,1,192,1,0
28,0,-46,1,0,199,1,14
38,0,173,0,0,150,4,0
47,0,3188,1,0,426,3,0
23,1,-230,1,0,259,2,0
43,0,36,0,0,118,1,2
58,0,139,0,0,188,1,2
28,0,94,1,0,300,1,0
47,0,-938,1,0,176,2,0
55,0,1983,1,0,123,1,0
53,0,105,0,1,74,2,0
42,0,216,1,0,144,3,0
70,0,3782,0,0,618,1,0
39,0,879,1,0,102,2,0
43,0,757,1,0,315,4,0
30,0,305,0,0,633,1,2
29,0,192,0,0,327,4,0
61,0,313,0,1,42,1,0
59,0,7813,1,0,75,1,0
52,0,142,0,0,112,6,0
48,0,414,0,0,761,2,0
28,0,1323,1,0,361,1,0
28,0,304,0,0,516,1,0
49,0,1568,0,0,206,6,0
49,0,13229,0,1,77,2,0
47,0,2515,0,0,40,3,0
33,0,139,1,1,732,2,5
41,0,1309,0,0,28,4,0
33,0,5739,1,1,374,1,0
55,0,602,0,0,324,3,2
36,0,-381,1,0,30,29,0
49,0,230,1,0,96,1,0
26,0,454,1,1,28,18,0
38,1,15,1,0,121,1,0
37,0,1193,0,0,396,2,0
26,0,2770,1,0,141,1,0
30,0,432,1,0,340,3,0
58,0,610,1,0,246,2,0
30,0,3485,0,0,142,2,0
40,0,-335,1,0,260,1,0
55,0,976,0,0,345,1,3
45,0,192,1,0,154,5,1
59,0,1033,0,0,1199,1,0
41,0,10758,1,0,288,1,0
57,0,3927,0,0,61,1,0
29,0,-102,0,0,134,1,0
64,0,846,0,0,671,1,3
32,0,0,0,0,594,4,0
37,0,67,0,0,45,2,0
32,0,4885,1,1,400,2,0
57,0,5431,1,1,383,1,0
59,0,1727,0,0,500,4,2
38,0,1198,1,0,63,1,0
46,0,242,1,0,332,2,0
32,0,882,0,1,80,8,0
29,0,1448,0,0,217,1,7
30,0,209,1,0,30,2,0
38,0,889,0,1,362,1,0
56,0,45,0,0,1467,1,0
42,0,0,0,0,131,2,0
26,0,3825,1,0,107,1,0
50,0,841,1,0,54,2,0
57,0,4664,0,0,22,4,1
27,0,148,0,0,203,1,0
41,0,52,0,0,261,2,0
45,0,757,0,0,103,1,4
29,0,182,1,0,38,3,0
45,0,88,0,1,332,1,0
58,0,0,0,1,101,5,0
48,0,606,0,0,77,6,0
29,0,417,0,0,90,1,0
49,0,362,1,0,84,2,0
44,0,6649,1,0,354,2,0
57,0,1172,0,0,26,1,0
47,0,145,1,0,157,6,0
50,0,52,0,0,22,8,0
48,0,725,0,1,105,1,0
23,0,8627,1,0,281,1,0
51,0,5403,0,0,42,1,0
55,0,2275,0,0,139,9,0
58,0,419,0,1,295,3,0
27,0,0,1,0,388,7,0
26,0,294,0,0,87,1,2
37,0,781,0,0,75,1,0
34,0,105,1,0,249,2,0
51,0,844,1,0,184,3,0
37,0,4089,1,0,289,2,4
50,0,246,1,0,270,1,2
40,0,326,1,1,112,1,0
55,0,557,0,0,58,1,0
45,0,265,0,0,14,3,0
41,0,0,1,0,386,2,0
38,0,157,0,1,57,11,1
30,0,1073,1,0,1130,4,0
42,0,14752,0,0,107,2,0
34,0,20,0,0,10,1,0
36,0,340,1,0,68,2,0
50,0,0,0,0,118,8,0
46,0,1712,0,0,110,1,0
45,0,827,1,0,319,5,0
38,0,171,1,1,172,1,0
52,0,217,0,1,193,6,0
35,0,106,0,1,588,2,0
22,0,691,0,0,338,1,0
46,0,1297,0,0,716,3,0
52,0,20,1,0,172,1,0
32,0,687,0,0,161,4,0
24,0,366,0,1,234,2,0
32,0,3514,1,0,226,2,0
35,0,319,1,0,221,1,0
50,0,26394,0,0,206,4,0
46,0,624,0,0,336,2,2
65,0,1840,0,0,383,2,5
36,0,1283,0,0,92,5,0
42,0,0,0,0,236,1,0
33,0,-6,1,0,566,2,0
38,0,435,1,0,193,2,0
46,0,1291,1,0,142,3,17
39,0,5803,0,0,83,3,0
48,0,866,0,0,146,2,0
60,0,2131,0,0,421,6,0
49,0,32,0,0,128,1,0
40,0,825,1,0,38,1,1
55,0,481,1,0,147,2,3
46,0,70,1,0,229,2,0
42,0,1331,0,0,698,2,0
31,0,2070,0,0,319,2,0
31,0,137,0,0,385,9,0
34,0,899,1,0,377,3,4
29,0,20,1,0,418,1,0
45,0,0,0,1,47,7,0
78,0,226,0,0,136,1,0
36,1,12,0,0,587,2,0
66,0,6483,0,0,275,1,0
45,0,999,1,0,215,6,2
47,0,1544,1,0,104,1,1
32,0,14,1,0,171,1,0
27,0,1,0,0,65,2,0
38,0,1,0,1,152,2,0
50,0,732,0,0,736,7,0
60,0,385,1,0,80,1,0
36,0,49,1,0,232,2,5
60,0,725,1,0,266,1,0
35,0,2682,1,0,156,1,0
52,0,-1224,1,0,253,4,0
60,0,231,1,0,57,2,0
31,0,1224,1,1,1441,2,0
40,0,1871,1,0,64,1,0
24,0,77,1,0,236,2,0
38,0,526,1,1,553,2,0
47,0,0,1,0,250,1,0
58,0,5278,1,0,763,4,0
47,0,3232,0,0,541,1,3
54,0,4382,1,0,193,4,0
36,0,1981,0,0,48,2,0
32,0,0,0,0,104,9,0
30,0,79,1,0,317,1,0
29,0,5980,1,0,317,1,0
28,1,-298,1,0,559,7,0
49,0,8545,1,1,199,7,1
53,0,13,0,0,69,1,0
40,0,0,1,0,271,2,0
32,0,8436,1,0,245,1,2
37,0,9,0,0,484,2,0
31,0,454,0,0,73,3,0
34,0,428,1,0,59,2,0
34,0,673,1,1,271,1,1
45,0,473,1,0,147,1,0
36,0,1594,0,0,250,3,0
39,0,75,0,0,26,1,0
26,0,96,1,0,612,2,3
55,0,538,1,0,353,2,0
33,0,1844,1,0,241,3,0
35,0,624,1,0,163,1,0
43,0,422,0,0,110,1,0
55,0,0,0,0,180,2,3
38,0,2273,1,0,222,1,0
57,0,2137,0,0,132,7,0
34,0,1464,1,0,350,1,0
27,0,-1202,1,0,749,2,0
41,0,174,1,0,367,2,1
35,0,505,1,1,371,2,0
30,0,0,0,0,127,5,0
30,0,944,0,0,251,2,0
31,0,406,0,0,736,1,0
56,0,-1,0,0,89,23,0
51,0,176,1,1,8,1,2
40,0,-495,0,1,303,2,0
32,0,1121,1,1,211,3,0
57,0,1238,1,0,274,1,0
35,0,422,1,0,73,1,0
66,0,2169,0,0,282,1,0
42,0,0,0,0,656,2,0
35,0,7050,0,0,222,3,4
59,0,0,0,0,247,4,0
59,0,42,0,0,40,1,0
44,0,106,0,0,109,2,0
28,0,2269,1,0,331,1,0
48,0,2537,0,0,219,6,0
44,0,-237,1,0,73,1,0
58,0,2,0,0,684,1,0
46,0,548,0,0,1181,4,0
31,0,360,1,0,592,4,0
31,0,92,1,0,688,1,0
42,0,1932,1,0,192,32,0
42,0,0,0,0,64,2,0
32,0,6217,1,1,486,2,2
46,0,328,1,0,526,8,0
29,0,534,1,0,382,1,0
50,0,606,1,0,673,2,0
42,0,214,1,0,21,24,0
37,0,435,1,0,210,1,0
38,0,1980,0,0,176,2,0
38,0,648,1,0,179,1,0
45,0,1757,1,0,1010,3,1
32,0,1005,0,0,215,1,0
37,0,1467,1,1,349,1,0
39,0,278,0,1,60,3,0
34,0,0,0,0,132,4,0
36,0,6,0,0,41,7,0
42,0,1289,0,0,250,4,2
48,0,427,0,0,201,1,0
46,0,757,0,0,382,3,0
29,0,178,1,0,231,4,0
31,0,472,1,0,907,2,0
41,0,353,0,0,90,2,0
32,0,-632,1,1,18,5,0
37,0,228,1,0,1740,2,0
50,0,-10,0,1,369,6,0
38,0,4030,1,0,75,2,5
33,0,1209,1,0,700,1,0
38,0,228,1,0,105,1,0
55,0,204,0,0,455,13,0
24,0,431,1,0,108,12,0
45,0,115,1,0,108,1,0
43,0,11269,0,0,92,1,0
31,0,591,0,0,161,2,0
59,0,0,1,0,104,7,0
27,0,451,1,0,652,1,0
37,0,11,0,0,109,8,0
43,0,8167,1,0,114,2,0
53,0,-626,1,0,205,1,0
34,0,550,0,1,601,1,0
40,0,643,1,0,74,2,1
28,0,702,1,0,318,2,0
30,0,1787,0,0,79,1,0
38,0,490,1,1,17,1,0
35,0,1555,1,0,26,2,0
59,0,3940,0,0,48,2,0
52,0,-970,1,0,489,1,0
34,0,296,0,0,147,4,0
35,0,450,1,0,63,1,0
39,0,-540,0,0,29,1,0
62,0,0,0,0,227,2,0
39,0,694,1,0,44,1,0
53,0,7,0,0,68,1,0
54,0,8295,0,0,207,1,0
26,0,622,0,0,1451,2,0
28,0,882,0,1,94,1,2
52,0,3163,0,0,56,6,0
43,0,104,0,0,332,1,0
36,0,1511,1,0,270,1,0
80,0,6483,0,0,123,1,0
55,0,621,0,1,114,1,1
28,0,28,0,0,220,2,0
49,0,167,1,1,198,3,0
36,0,339,0,0,6,6,0
43,0,132,0,0,574,1,3
44,0,5597,0,0,27,3,0
45,0,72,1,1,262,2,2
33,0,3704,1,0,447,2,0
32,0,45,1,1,908,3,7
33,0,1158,1,0,25,2,0
28,0,189,1,0,68,2,0
45,0,728,1,1,107,1,0
53,0,4380,0,0,223,7,0
34,0,846,1,0,758,2,0
30,0,726,1,0,39,1,3
35,0,1453,1,0,199,1,0
46,0,225,1,0,201,1,1
33,0,302,1,1,670,1,0
33,0,5969,0,0,156,2,8
33,0,0,0,0,305,2,0
28,0,89,1,1,172,2,0
33,0,385,0,0,29,28,0
39,0,399,0,0,504,1,0
46,0,4,0,0,268,1,5
45,0,1273,1,1,197,3,0
55,0,8104,0,0,213,2,0
32,1,5,1,1,82,3,2
27,0,897,0,0,397,1,0
57,0,1592,0,1,78,4,0
42,0,243,1,0,46,5,0
52,0,54,1,1,103,1,0
48,0,333,1,0,24,6,0
57,0,808,0,0,417,3,0
32,0,0,1,0,80,2,0
32,0,150,0,0,210,1,0
43,0,481,1,0,164,1,2
27,0,795,0,0,101,3,0
31,0,5527,1,0,132,1,0
34,0,1386,1,1,185,6,0
42,0,360,1,0,110,5,0
53,0,1319,1,0,427,1,1
48,0,178,1,0,320,4,0
50,0,4374,1,0,163,2,3
73,0,796,0,0,427,1,2
43,0,978,1,1,82,2,0
29,0,908,1,0,1663,1,0
53,0,4968,0,0,109,1,2
54,0,191,0,0,753,2,0
29,0,828,1,0,215,3,3
42,0,0,1,0,328,6,0
35,0,0,1,0,340,3,0
51,0,9228,0,0,655,4,0
35,0,365,0,0,168,2,0
44,0,1058,0,0,188,3,0
37,0,168,1,0,227,1,0
55,0,186,1,1,241,1,0
45,1,-183,0,1,395,4,0
58,0,35,0,0,336,7,0
35,0,0,0,1,370,4,0
54,0,2225,0,1,73,2,0
39,0,1506,1,0,299,2,0
56,0,772,1,0,291,1,0
51,0,343,1,0,78,2,0
51,1,-55,1,0,119,6,0
47,0,556,1,0,147,2,4
28,0,1351,0,0,267,1,0
51,0,1760,0,1,162,1,0
33,0,641,1,0,347,2,0
46,0,91,1,0,29,1,2
23,0,736,1,0,119,1,0
53,0,12,0,0,345,10,0
23,0,-19,1,0,13,10,0
42,0,642,1,1,509,2,0
35,0,175,1,0,219,1,1
39,0,130,0,0,202,2,0
30,0,2678,1,0,23,5,0
40,0,3,0,0,998,1,0
22,0,47,0,0,69,3,0
31,0,623,1,0,96,2,5
29,0,3748,0,0,322,3,0
50,0,388,0,0,701,1,0
40,0,226,0,0,176,2,0
25,0,894,1,0,328,1,0
43,0,-88,1,1,313,1,2
29,0,92,1,0,240,1,0
33,0,11,1,0,104,3,0
33,0,210,1,1,201,1,0
59,0,5845,0,0,1060,2,0
39,0,399,1,1,133,2,0
38,0,2240,1,0,551,1,1
40,0,1438,1,0,207,1,2
27,0,113,0,0,39,17,0
55,0,-196,1,0,210,2,0
43,0,-179,1,0,335,6,0
37,0,395,1,0,219,2,0
50,0,3304,0,0,1009,2,0
54,0,158,1,0,198,1,0
77,0,680,0,0,341,4,3
30,0,75,1,0,123,1,0
35,0,1100,0,1,127,2,0
58,0,14412,0,0,297,1,0
43,0,642,0,0,644,2,0
32,0,3601,0,0,171,15,0
53,0,71,0,1,86,1,0
53,0,459,0,0,317,6,1
25,0,10,1,0,857,4,0
43,0,104,1,0,635,3,0
49,0,1430,0,0,231,2,0
28,0,0,1,0,133,3,0
28,0,14,0,0,201,1,0
21,0,6844,0,0,126,3,7
38,0,807,0,0,74,2,0
44,0,0,1,1,97,1,0
32,0,5514,0,0,319,1,1
50,0,3357,0,0,239,4,0
34,0,475,1,0,559,1,0
65,0,300,0,0,105,1,0
31,0,-219,1,0,66,2,0
28,0,769,1,0,153,1,2
34,0,263,0,0,203,1,8
57,0,501,1,1,59,2,0
31,0,1170,0,0,200,4,0
59,0,163,0,0,464,1,0
45,0,3098,1,0,159,2,0
27,0,818,1,0,188,5,0
34,0,1539,1,0,441,1,1
35,0,67,1,0,192,2,0
56,0,442,0,0,77,3,0
29,0,584,1,0,541,19,0
43,0,593,1,0,55,1,0
49,0,1784,0,0,753,1,0
27,0,-179,1,0,54,2,0
53,0,104,0,1,701,1,0
45,0,-11,1,0,247,1,0
27,0,3354,1,0,493,5,0
41,1,-386,0,1,477,1,0
27,0,213,0,0,378,1,0
32,0,4761,1,0,159,2,2
29,0,406,1,0,119,1,0
29,0,1673,0,0,200,2,3
37,0,-244,0,0,178,1,0
46,0,216,0,0,173,1,0
42,0,1048,1,0,23,2,0
28,0,26,1,0,227,2,0
40,0,498,1,0,55,2,4
38,0,1679,1,0,21,18,0
59,0,671,1,1,219,2,5
37,0,48,1,0,133,2,0
28,0,416,1,0,452,2,0
50,0,0,0,0,243,5,0
53,0,5715,0,0,287,2,0
30,0,11,1,0,157,1,0
40,0,1927,1,0,62,1,0
47,1,-535,1,0,71,2,0
47,0,0,0,0,58,3,0
35,0,0,1,0,295,3,0
43,0,0,0,0,147,1,0
28,0,3,0,0,40,8,6
48,0,149,1,0,71,1,0
32,0,13711,1,0,638,1,3
43,0,388,1,0,2087,2,0
48,0,750,1,0,90,6,0
31,0,2590,0,0,103,2,2
52,0,14,0,1,55,5,0
45,0,907,0,0,230,8,0
32,0,2089,1,0,132,1,0
33,0,3975,1,1,515,1,1
38,0,35,1,0,156,1,3
35,0,670,0,0,378,1,0
31,0,469,0,1,111,1,0
32,0,71,1,0,221,8,0
47,0,33,1,0,298,1,0
34,0,4831,1,0,265,1,0
37,0,896,0,1,343,2,0
31,0,132,0,0,148,1,1
35,0,1707,1,0,426,3,0
35,0,35,1,0,152,1,0
49,0,92,1,0,221,2,0
48,0,810,0,0,383,1,0
30,0,47,0,1,11,17,0
33,0,920,1,0,58,1,4
54,0,7864,1,0,145,4,0
28,0,100,1,1,132,2,0
37,0,215,1,0,61,1,0
39,0,7685,1,0,493,3,0
43,0,3485,0,0,113,1,0
43,0,2,0,1,472,2,0
39,0,31,1,0,61,2,4
35,0,1063,1,1,327,1,0
58,0,1407,1,0,58,1,0
48,0,290,1,0,257,2,0
36,0,1855,1,0,75,1,1
41,0,-365,1,0,226,10,0
34,0,856,1,0,470,1,5
56,0,1333,0,0,17,14,0
47,0,2,0,1,71,15,0
51,0,2323,1,1,151,10,0
31,0,481,1,0,106,2,2
34,0,0,1,1,214,1,0
42,0,16,0,0,140,3,0
34,0,197,0,0,78,3,0
39,0,12437,0,0,40,1,0
28,0,6307,1,0,615,1,0
40,0,0,0,0,109,8,0
50,0,717,1,0,113,1,0
31,0,1010,1,0,385,3,9
31,0,897,1,0,26,2,0
36,0,644,1,0,54,2,0
39,0,2226,1,0,158,1,0
58,0,0,1,0,148,1,0
33,0,595,0,0,22,2,0
31,0,3,1,0,37,12,0
43,0,960,1,1,241,2,0
37,0,1050,1,0,586,3,0
40,0,2378,1,0,65,1,0
60,0,2934,0,0,233,2,0
44,0,-312,1,0,22,3,0
45,0,1893,1,0,1259,6,0
46,0,0,0,0,70,2,0
57,0,374,1,1,236,1,0
57,0,82,0,1,140,1,0
47,0,94,1,0,9,19,0
38,0,427,1,0,17,3,2
47,0,126,1,0,2456,2,0
26,0,455,0,0,240,1,8
41,0,51,0,0,140,8,0
31,0,0,0,0,38,16,0
34,0,1557,1,1,213,1,0
32,0,0,0,0,9,6,0
52,0,431,0,0,73,17,0
35,0,978,0,0,1370,3,3
43,0,497,0,0,66,1,22
33,0,-988,1,1,83,3,0
48,0,607,0,0,29,2,0
33,0,-77,1,0,151,3,0
27,0,50,0,0,168,1,0
47,0,1203,1,0,239,2,0
36,0,367,0,0,217,1,1
30,0,0,1,0,172,1,0
48,0,8106,0,0,125,1,3
49,0,2370,1,1,56,1,2
60,0,71188,0,0,205,1,0
50,1,421,0,0,22,5,0
40,0,1548,1,0,101,3,0
37,0,3315,1,0,820,2,0
54,0,641,1,0,472,1,2
39,0,83,1,0,193,2,0
57,0,2927,0,1,78,5,0
49,0,2465,0,0,157,3,0
49,0,3726,0,0,875,2,0
47,0,1934,0,1,225,1,1
34,0,105,1,0,146,2,3
57,0,1623,1,1,246,1,0
37,0,897,1,0,119,2,2
51,0,2007,0,0,1021,1,0
37,0,0,1,0,115,1,0
59,0,5314,1,0,200,3,0
42,0,179,1,0,96,1,0
49,0,1091,0,0,47,2,0
30,0,-518,1,1,244,6,0
43,0,-228,1,1,122,2,0
32,0,2343,0,0,226,1,0
44,0,205,0,0,289,1,0
53,0,15,0,0,921,2,0
31,0,24,1,0,631,1,0
46,0,-3,0,0,205,2,0
47,0,440,1,0,91,1,0
60,0,11262,0,0,323,1,0
60,0,197,0,0,1386,1,0
33,0,358,1,0,302,1,3
31,0,259,1,0,47,1,0
37,0,1123,0,1,138,1,0
40,0,8969,1,0,153,1,0
33,0,150,0,0,151,2,0
44,0,14,0,0,167,1,1
71,0,2850,0,0,185,1,0
31,0,1331,0,0,297,1,3
36,0,16430,1,0,197,3,0
55,0,979,0,1,123,1,0
28,0,378,1,0,346,1,0
32,0,642,0,1,524,1,0
49,0,523,1,0,152,2,0
32,0,-33,1,0,234,3,0
41,0,3992,1,0,281,2,0
38,0,0,0,0,260,3,3
29,0,596,0,0,510,2,0
33,0,18347,1,0,415,1,0
29,0,950,1,0,135,3,0
55,0,343,1,0,276,3,0
41,0,1680,1,0,76,2,0
55,0,2749,1,1,58,2,0
26,0,1274,1,0,190,1,1
34,0,436,0,1,118,4,0
39,0,1161,1,0,236,1,1
32,0,202,1,0,429,1,1
45,0,2096,0,0,127,1,2
26,0,265,0,0,650,2,0
45,0,-547,1,0,214,2,0
35,0,-259,1,0,381,1,2
40,0,100,1,0,221,1,1
49,0,823,0,0,780,4,0
34,0,5060,1,0,12,21,0
47,0,3681,0,0,101,2,0
34,0,247,0,0,401,2,0
32,0,230,1,0,442,1,8
44,0,16178,1,0,297,1,0
49,0,1235,0,0,354,3,0
29,0,912,1,0,785,1,0
40,0,4384,1,0,315,1,0
41,0,832,1,1,164,1,1
34,0,417,1,0,138,1,0
59,0,681,1,0,427,2,0
34,0,215,0,0,350,3,0
49,0,2201,1,0,233,3,0
50,0,60,0,1,151,8,0
53,0,3316,1,0,331,6,0
54,0,812,0,0,113,6,0
45,0,1269,1,0,549,2,0
34,0,1281,0,0,279,1,1
47,0,-75,1,0,57,1,1
52,0,381,0,1,288,12,0
46,0,361,1,0,86,7,0
31,0,609,1,0,1126,1,1
19,0,1169,0,0,463,18,0
32,0,2817,1,0,195,1,0
32,0,253,1,0,257,3,0
42,0,3165,1,0,298,4,0
40,0,838,1,0,619,3,0
57,0,46,0,0,238,2,0
51,0,0,0,0,84,7,0
58,0,744,0,0,38,1,0
46,0,1034,0,0,109,2,0
42,0,7702,0,0,138,2,0
28,0,-97,1,0,79,1,2
48,1,-583,1,0,25,7,0
38,0,3436,0,0,663,4,0
47,0,2303,1,0,323,2,1
33,0,1465,0,0,98,4,0
29,0,125,1,0,50,1,0
55,0,2587,0,0,328,2,2
41,0,1588,1,1,10,8,0
33,0,894,0,0,509,2,0
38,0,0,0,0,164,1,0
41,0,-256,0,1,35,3,0
33,0,925,0,0,884,3,0
36,0,553,0,0,106,2,0
48,0,0,0,0,16,16,0
45,0,6945,0,0,131,5,3
31,0,314,1,0,279,1,0
39,0,-735,1,0,144,5,2
28,0,224,1,0,97,3,0
31,0,38,0,0,185,2,0
49,0,548,0,0,115,6,0
79,0,4738,0,0,151,5,0
26,0,0,1,0,425,1,0
59,0,0,0,0,812,1,0
40,0,6767,1,0,97,2,0
28,0,1034,0,0,113,1,0
46,0,405,0,0,138,3,0
35,0,0,0,0,74,1,4
28,0,330,0,0,197,1,0
47,0,871,0,0,602,9,0
44,0,415,1,0,7,7,0
60,0,27,0,0,40,2,0
58,0,299,0,0,120,4,0
25,0,505,0,1,386,2,0
57,0,10,0,0,320,3,0
25,0,64,0,0,71,11,0
36,0,-423,1,1,106,1,0
43,0,275,0,0,69,6,0
28,0,81,0,1,158,1,0
35,0,407,1,0,12,6,0
40,0,1584,1,0,661,1,0
25,0,2157,1,0,339,1,0
33,0,647,1,1,124,1,1
32,0,286,1,0,175,1,0
28,0,0,1,1,380,4,0
46,0,-337,1,0,112,1,0
38,0,376,1,0,1521,1,0
36,0,439,1,0,260,5,0
41,0,2195,1,0,211,5,0
60,0,-396,1,0,443,1,1
59,0,0,1,0,214,3,0
44,0,1989,1,1,106,2,0
35,0,280,1,1,65,50,0
58,0,1533,0,0,137,2,0
51,0,21244,0,1,166,2,0
49,0,371,1,0,18,44,0
45,0,0,1,0,211,2,0
30,0,975,1,0,256,2,2
49,0,322,0,0,72,4,0
39,0,0,1,0,793,2,0
33,0,478,0,0,475,2,0
66,0,1048,1,0,971,2,0
34,0,0,1,0,144,1,0
29,0,-194,1,0,127,1,0
31,0,1130,1,0,224,3,4
48,0,1738,1,0,349,1,0
34,0,-139,1,1,492,2,0
38,0,0,1,0,196,2,0
40,0,1516,1,1,373,1,0
33,0,215,1,0,543,12,0
57,0,3071,1,1,63,3,0
38,0,1663,1,0,217,3,1
74,0,921,0,0,394,2,0
34,0,326,1,1,150,2,0
50,0,2706,1,0,179,3,0
36,0,0,1,1,101,2,0
54,0,1157,0,0,98,2,0
32,0,167,1,1,79,3,0
46,0,9328,1,0,725,3,0
47,0,292,0,1,210,3,0
56,0,151,0,0,128,1,0
27,0,201,1,0,172,2,0
47,0,1784,0,0,385,2,0
32,0,-402,1,0,135,1,0
32,0,569,0,1,348,1,0
50,0,-94,0,1,75,1,0
43,0,3285,1,0,1721,2,0
38,0,1852,1,0,298,2,0
35,0,327,1,0,537,3,0
40,0,0,0,0,147,1,8
34,0,347,1,0,154,2,6
42,0,221,1,0,720,2,0
47,0,4543,1,0,162,1,0
25,1,-589,1,0,233,1,0
48,0,-552,0,1,150,2,0
29,0,103,0,0,314,1,0
32,0,2629,0,0,77,4,0
54,0,781,1,0,103,2,0
31,0,64,0,0,208,1,2
77,0,7802,0,0,421,1,2
24,0,174,1,1,487,1,0
37,0,4798,1,0,156,2,0
46,0,0,1,0,51,9,0
40,0,33,0,0,70,3,0
37,0,1978,0,0,404,1,1
34,0,114,1,1,153,1,3
31,0,636,1,0,352,4,0
33,0,6904,0,0,114,2,0
40,0,89,1,1,148,6,0
34,0,0,0,0,263,2,0
31,0,391,0,0,336,2,0
32,0,266,1,0,168,2,0
27,0,10,1,0,527,1,0
49,0,-454,1,0,558,1,0
36,0,340,0,1,559,3,0
55,0,0,0,0,108,2,0
37,0,4565,0,0,369,1,0
27,0,1,1,0,116,3,0
56,0,575,0,0,18,2,0
28,0,781,0,0,125,6,0
58,0,225,0,0,122,6,0
41,0,177,1,0,117,2,0
33,0,23663,1,0,199,2,2
43,0,34,0,0,29,1,0
35,0,2643,0,1,259,1,0
34,0,1337,0,0,330,2,3
48,0,5462,0,0,29,4,0
40,0,697,0,0,220,2,2
29,0,218,1,0,169,1,0
37,0,0,1,0,146,4,0
57,0,295,0,0,151,11,0
37,0,66,0,0,1164,2,0
34,0,15,0,0,184,7,0
41,0,348,1,0,225,2,2
51,0,1550,0,0,12,5,0
35,0,0,1,0,1073,1,0
60,0,1472,0,0,36,4,0
48,0,480,1,0,830,1,2
47,0,164,0,0,212,1,0
40,0,-375,1,0,60,5,0
35,0,0,0,0,89,1,0
42,0,484,1,0,144,2,0
36,0,70,1,0,219,4,0
44,0,80,1,1,387,2,0
52,0,195,1,0,220,1,5
36,0,0,0,0,81,4,0
25,0,777,1,0,351,1,0
49,0,981,1,0,10,3,0
59,0,259,0,0,415,1,1
47,0,295,1,0,157,1,0
53,0,1178,1,0,295,2,0
44,0,2734,1,0,897,4,0
45,1,-249,1,1,92,1,0
53,0,225,0,0,171,7,0
55,1,-404,1,0,502,3,0
34,0,415,0,1,361,2,0
50,0,356,0,0,198,2,5
47,0,1139,1,0,106,2,0
60,0,174,1,0,241,1,1
33,1,-305,0,1,109,1,0
35,0,251,1,1,128,3,0
49,0,474,1,1,152,3,1
30,0,2186,1,0,366,1,0
57,0,318,1,0,206,2,0
75,0,3810,1,0,262,1,1
31,0,13,0,0,110,5,0
37,0,543,1,0,281,1,0
32,0,0,0,0,101,5,6
25,0,760,1,0,223,3,2
46,0,1550,1,0,126,2,8
37,0,0,1,1,187,2,0
58,0,65,0,0,162,1,0
50,0,3897,0,0,298,1,0
40,0,-396,1,0,127,1,0
44,0,1707,0,0,406,3,0
36,0,-37,1,0,151,1,0
35,0,473,0,1,37,2,0
75,0,6053,0,0,865,2,1
51,0,297,1,0,415,4,1
39,0,626,1,0,126,2,0
43,0,2160,0,0,261,1,1
59,0,185,0,0,177,5,1
36,0,40,0,0,359,3,0
75,0,3771,0,0,185,1,2
61,0,848,0,0,605,1,1
28,0,198,0,0,128,2,0
48,0,310,0,0,135,1,0
58,0,2538,1,0,307,6,0
25,0,343,0,0,377,1,0
47,0,310,1,1,128,6,0
56,0,1007,0,0,88,6,0
35,0,552,1,1,314,2,1
43,0,520,1,0,15,13,0
34,0,79,1,0,406,2,0
48,0,1152,1,0,168,5,0
32,0,620,1,0,1234,3,0
46,0,19,1,0,171,1,0
25,0,-80,1,1,89,1,0
44,0,1242,1,0,384,6,0
29,0,991,0,0,563,1,0
33,0,3074,0,0,679,1,0
33,0,90,1,0,263,2,0
35,0,195,1,0,203,1,0
38,0,434,1,0,411,1,0
31,0,385,1,0,304,1,0
35,0,3552,0,0,267,1,0
66,0,10177,0,0,272,4,0
34,0,2892,1,1,1165,7,0
31,0,144,1,0,43,11,0
40,0,771,1,0,173,4,0
35,0,1354,1,0,736,2,0
48,0,127,0,1,524,5,0
42,0,157,1,1,650,1,0
45,0,137,1,1,187,19,0
37,0,2317,1,0,114,1,2
36,0,777,1,0,185,3,0
30,0,799,1,1,91,18,0
52,0,907,1,0,104,2,0
54,0,-182,0,0,98,1,0
45,0,180,1,1,62,2,0
30,0,877,0,0,202,1,5
58,0,-27,0,1,77,13,0
30,0,363,0,0,171,3,0
37,0,5436,1,0,7,11,1
60,0,104,1,0,22,1,0
58,0,8218,1,0,124,10,0
32,0,1787,1,0,87,4,4
39,0,1047,0,0,554,1,0
47,0,1230,1,0,412,1,1
26,0,1153,0,0,238,3,0
49,0,4667,1,0,130,2,0
39,0,763,1,0,877,7,2
33,0,621,0,0,217,1,0
35,0,3161,0,0,433,2,0
36,0,0,0,0,333,5,0
32,0,152,1,0,158,2,0
30,0,4787,1,0,266,1,2
47,0,691,0,0,285,6,0
50,0,2497,1,0,35,1,1
41,0,351,1,0,175,1,0
52,0,1117,1,0,365,1,0
43,0,-97,1,1,747,4,0
47,0,0,0,0,174,8,0
57,0,31,0,0,260,2,0
31,1,-253,0,0,220,4,0
36,0,666,1,1,190,1,1
34,0,1,1,0,483,7,0
30,0,-522,1,1,670,2,6
33,0,-300,1,1,184,1,0
60,0,-49,1,0,188,1,2
27,0,489,1,0,356,4,0
42,0,-280,1,0,258,1,0
32,0,38,1,0,744,1,0
25,0,-221,1,0,250,1,0
55,0,1086,1,0,146,1,2
74,0,935,0,0,100,1,1
51,0,377,1,0,143,4,1
46,0,-1400,1,0,309,3,4
31,0,-331,1,0,203,5,0
33,0,386,0,0,253,1,4
34,0,2729,1,0,945,1,1
61,0,625,1,0,158,2,0
45,0,1415,1,0,311,1,0
39,0,1043,0,0,195,10,0
48,0,3230,1,0,207,3,0
43,0,738,1,0,585,4,4
40,0,1734,1,0,169,1,0
42,0,248,0,0,163,4,0
40,0,56,1,1,194,1,1
34,0,322,1,0,10,3,0
42,0,2519,1,0,262,4,0
57,1,195,0,1,185,4,0
34,0,1553,0,0,200,2,0
28,0,225,1,1,866,2,0
30,0,1286,1,1,544,1,0
40,0,9374,1,0,7,8,1
40,0,1509,0,0,333,1,3
26,0,37,1,1,207,1,2
36,0,0,1,1,599,3,0
32,0,34,1,0,321,2,0
34,0,262,0,0,371,1,0
56,0,21664,0,0,214,8,0
50,0,887,0,0,287,1,0
54,0,98,0,0,420,4,0
53,0,65,0,0,41,2,0
36,0,490,0,0,207,8,1
36,0,5957,1,0,138,2,0
58,0,264,1,1,523,3,0
31,0,466,1,0,164,1,0
56,0,1906,0,1,45,9,0
30,0,1882,1,0,249,5,0
38,0,1147,1,1,249,5,0
31,0,62,1,0,175,1,5
59,0,133,1,0,206,1,0
35,0,365,0,0,41,2,0
26,0,1347,0,0,280,6,5
32,1,-53,1,0,648,1,1
28,0,290,1,0,128,1,0
41,0,4684,0,0,30,6,0
35,0,109,1,0,597,3,0
45,0,2433,0,0,133,2,0
44,0,313,0,0,211,4,0
51,0,2506,0,0,210,3,0
43,0,699,1,1,1258,2,2
32,0,820,1,0,738,3,0
47,0,1121,0,0,454,6,0
36,0,101,1,1,314,1,0
28,0,11555,0,0,125,2,0
58,0,2769,1,0,94,2,0
40,0,1451,0,0,314,1,0
29,0,145,0,0,105,1,0
55,0,-31,0,1,81,2,0
58,0,2,1,0,168,3,0
45,0,-322,0,0,225,2,0
44,0,878,1,0,130,1,0
38,0,994,0,0,119,1,0
41,0,13,0,0,189,2,0
45,0,1415,1,0,483,1,1
48,0,3186,0,1,104,1,0
36,0,319,1,0,120,2,0
44,0,420,1,0,110,2,0
48,0,439,1,0,212,1,2
54,0,310,1,0,526,4,3
28,0,2034,1,0,196,1,0
60,0,4895,0,0,313,1,0
32,0,-1053,1,0,357,3,0
42,0,2111,1,0,86,2,0
46,0,137,1,1,246,1,0
46,0,182,0,0,56,1,0
32,0,12607,0,0,203,5,1
46,0,6269,1,0,249,3,2
52,0,289,1,0,45,13,0
52,0,238,1,0,101,1,5
32,0,751,1,0,64,1,0
37,0,403,1,0,318,2,1
26,0,18,1,1,138,1,0
44,0,900,1,0,322,2,0
52,0,1758,1,0,41,1,0
49,0,-384,1,0,25,1,0
38,0,11971,1,0,609,2,3
34,0,50,0,0,106,3,0
50,0,78,1,0,218,3,9
54,0,1544,0,1,85,7,3
42,0,508,1,0,70,1,0
26,0,2855,0,0,52,3,0
33,0,133,0,0,218,1,0
29,0,1992,0,0,202,1,2
37,0,33,1,0,106,2,1
42,0,-97,1,0,216,4,5
33,0,511,1,0,304,2,0
54,0,541,1,0,237,3,0
28,0,8,1,0,196,1,0
30,0,6,1,0,241,3,0
41,0,5883,0,0,182,2,0
32,0,0,0,0,550,4,0
34,0,8309,1,1,50,1,0
36,0,495,0,0,157,3,2
50,0,-84,1,0,101,1,0
35,0,13658,1,0,220,2,0
42,0,0,0,0,85,2,0
45,0,2926,1,1,482,3,2
44,1,0,1,0,96,2,0
32,0,478,1,0,200,1,0
39,0,2600,1,0,77,1,0
32,0,493,0,0,289,2,0
24,1,110,1,0,27,1,0
52,0,4,0,1,30,9,0
57,0,1,0,0,17,10,0
61,0,4629,1,0,181,1,1
26,1,-402,0,1,127,2,0
38,0,0,0,0,82,4,0
44,0,-27,1,1,100,3,0
28,0,0,1,0,205,6,0
58,0,0,1,0,535,2,0
31,0,4888,1,0,475,4,2
39,0,1564,0,0,57,1,0
46,0,1322,1,1,514,1,0
35,0,145,1,0,799,2,0
40,0,36,1,0,240,3,0
39,0,1438,1,0,212,2,0
35,0,977,1,0,52,4,1
44,0,134,1,0,378,1,0
33,0,6699,0,0,425,1,1
36,0,629,1,1,109,1,1
29,0,199,1,1,1689,4,0
58,0,1573,1,1,279,1,0
33,0,287,1,0,199,2,3
38,0,45,0,0,125,4,0
64,0,1574,0,0,301,3,0
33,0,4789,1,1,220,1,4
36,0,3875,1,0,21,5,0
39,0,816,1,0,37,3,0
29,0,4210,1,0,119,1,0
31,0,-617,1,0,115,2,0
32,0,92,1,0,110,1,2
47,0,3333,1,1,114,2,0
57,0,2887,0,0,819,10,0
38,0,0,1,0,206,1,0
42,0,1,1,0,59,5,0
21,0,1903,1,0,107,2,0
30,0,1317,1,0,395,2,0
46,0,12186,0,0,29,3,0
25,0,5,0,0,138,1,0
55,0,284,0,1,252,4,0
49,0,381,0,0,504,2,0
48,0,247,1,1,145,1,0
36,0,398,1,1,77,2,0
52,0,1818,0,1,189,2,4
55,0,1210,1,0,868,1,0
59,0,1831,0,0,122,1,1
54,0,0,0,0,118,5,0
52,0,-191,1,0,755,1,0
46,0,523,1,0,105,4,2
30,0,315,0,0,1407,1,0
50,0,1260,0,0,172,1,0
31,0,625,1,0,424,1,1
55,0,653,0,0,800,1,0
26,0,211,0,0,168,3,0
42,0,520,0,0,158,1,0
34,0,355,1,0,261,1,0
36,0,-35,0,0,339,3,0
41,0,664,0,1,955,5,0
38,0,70,0,0,255,3,1
47,0,440,0,0,71,4,0
22,0,333,0,1,129,1,0
31,0,0,0,0,298,1,0
53,0,1012,1,0,332,2,0
56,0,3172,1,0,139,1,0
30,0,227,0,1,23,1,0
57,0,11494,0,0,198,1,0
43,0,-98,1,1,112,2,3
36,0,428,0,0,121,1,0
42,0,9720,0,0,81,2,0
49,0,321,0,0,135,3,0
30,0,3134,1,0,124,1,0
41,0,39,1,0,549,2,0
31,0,102,1,0,460,2,2
37,0,815,1,0,77,1,0
45,0,68,1,0,254,1,0
34,0,-136,1,1,131,2,0
57,1,25,1,0,652,1,4
34,0,872,1,0,105,2,0
50,0,85,0,1,141,1,0
51,0,-3,0,0,91,9,0
55,0,298,1,0,144,3,0
47,0,3285,0,0,248,5,0
37,0,1314,1,0,682,2,7
33,0,818,1,1,301,3,0
38,0,-140,0,0,456,3,0
40,0,3658,1,0,977,1,0
35,0,473,1,1,434,4,0
83,0,0,0,0,140,10,0
47,0,57,0,0,253,1,1
50,0,283,1,0,226,3,0
28,0,60,1,0,161,1,1
38,0,8669,1,0,5,3,6
52,0,0,0,0,163,3,0
49,0,3096,0,0,147,2,0
39,0,687,1,0,869,1,0
31,0,1494,0,0,275,12,0
40,0,5,1,0,219,3,0
36,0,117,1,0,123,4,0
31,0,428,1,0,272,1,0
43,0,7727,1,0,302,8,0
41,0,251,0,1,85,3,0
42,0,792,1,1,611,2,12
38,0,3452,0,0,132,2,0
37,0,539,0,0,540,2,3
36,0,398,1,0,278,1,0
33,0,316,0,0,126,3,0
45,0,999,0,0,182,2,0
56,0,15520,0,0,420,1,0
43,0,167,0,0,211,3,0
28,0,356,0,0,76,2,0
57,0,3,0,0,142,2,0
36,0,688,1,0,174,2,0
49,0,0,0,0,173,2,0
59,0,1,0,0,159,2,3
59,0,0,0,0,76,11,0
55,0,96,0,0,340,2,0
49,0,66,0,0,218,3,0
56,0,150,1,1,102,6,1
48,0,117,1,0,635,1,0
31,0,3653,1,1,252,1,4
48,0,116,1,0,70,4,0
49,0,588,0,0,70,9,0
55,0,1613,1,0,296,1,3
41,0,168,1,0,187,3,0
51,0,370,1,0,109,3,0
32,0,6402,1,0,158,1,1
37,0,851,1,0,151,1,1
41,0,6000,1,0,265,1,0
30,1,-770,1,0,87,1,0
40,0,2077,1,0,363,1,24
40,0,8902,1,0,464,5,0
29,0,14,0,0,87,1,1
52,0,395,1,0,391,3,0
33,0,191,1,0,162,2,0
54,0,2281,1,0,158,1,0
35,0,147,1,1,41,1,7
41,0,28,1,0,49,1,0
57,0,0,0,0,188,4,0
34,0,4343,0,0,85,4,0
45,0,644,0,1,92,1,0
40,0,1259,0,0,234,5,0
57,0,282,0,1,261,12,0
33,0,4020,1,1,251,1,0
33,0,106,0,0,175,3,0
25,0,1790,0,0,224,1,3
58,0,565,0,0,876,1,0
44,0,4460,0,0,168,2,0
49,0,14440,1,0,60,1,0
51,0,1869,0,0,30,3,0
31,0,1970,0,0,284,3,0
30,0,518,1,0,127,1,0
36,0,177,1,0,63,5,0
35,0,2,0,0,653,3,0
53,0,94,0,0,493,1,14
32,0,1721,1,0,650,2,0
46,0,390,1,0,208,2,0
40,0,1325,0,0,150,2,0
52,0,247,0,0,268,6,0
36,0,-11,1,0,172,28,0
39,0,167,1,1,330,1,0
29,0,3357,0,0,120,3,0
53,0,431,1,0,74,1,0
40,0,0,1,0,297,1,3
39,0,6,1,0,122,3,4
38,0,0,1,0,57,5,1
31,0,747,1,0,543,2,0
40,0,4075,1,0,162,3,0
57,0,-464,1,0,75,1,6
37,0,2685,0,0,187,2,0
29,0,0,1,0,83,6,0
59,0,0,1,0,97,2,0
47,0,0,0,0,1225,2,0
61,0,6610,0,0,481,2,0
46,0,57,0,0,796,1,0
53,0,263,0,1,143,7,0
65,0,300,0,0,245,2,0
49,0,199,0,0,113,2,0
31,0,2544,0,0,252,1,3
44,0,3463,1,1,210,3,0
38,0,2812,1,0,830,1,0
35,0,7546,1,0,137,1,3
41,0,5110,1,0,231,1,0
29,0,318,1,0,1434,2,4
32,0,76,1,0,189,2,0
52,0,0,0,0,82,2,0
42,0,292,1,0,222,3,0
27,0,808,1,0,578,1,1
46,0,2154,1,0,87,4,0
42,0,439,0,0,143,2,0
32,0,2204,1,0,11,4,0
28,0,618,1,0,281,1,0
35,0,69,1,0,461,3,0
38,0,50,0,0,98,2,0
29,0,-478,0,1,528,2,0
37,0,7944,0,0,102,1,0
36,0,338,0,0,90,1,0
45,0,245,1,0,126,3,0
45,0,976,1,0,183,1,2
29,0,858,1,0,234,7,1
32,0,6217,1,1,486,2,0
28,0,-328,1,0,318,2,0
41,0,748,0,0,94,7,3
23,0,1158,1,0,743,1,0
40,0,13669,0,0,138,1,8
35,0,2116,1,0,409,2,0
31,0,424,0,0,93,2,0
43,0,188,1,0,58,3,5
50,0,5776,0,0,49,3,0
40,0,-81,0,1,186,1,0
31,0,191,1,0,40,1,0
39,0,0,1,0,62,1,0
37,0,64,1,0,239,4,2
50,0,1164,1,0,166,2,0
28,0,318,1,0,4,4,0
42,0,-10,1,0,291,4,0
36,0,566,1,0,129,2,0
36,0,-231,0,1,779,2,0
43,0,3215,1,0,228,3,0
31,0,1094,1,0,93,8,0
28,0,126,0,0,229,1,0
39,0,406,0,0,253,5,0
31,0,23,0,0,121,3,0
28,0,1137,0,0,129,4,3
37,0,21,1,0,96,1,2
40,0,642,0,0,147,3,0
39,0,14,0,0,114,2,0
60,0,1025,0,0,388,8,0
33,0,137,0,0,88,4,0
24,0,0,1,0,299,1,0
43,0,7876,1,0,209,2,0
38,0,0,0,1,1473,6,0
77,0,0,0,0,847,1,1
57,0,-331,1,0,531,1,0
30,0,201,1,0,325,2,0
48,0,5887,0,0,227,2,0
59,0,92,1,0,139,2,1
34,0,0,0,0,163,2,0
35,0,747,0,0,141,2,3
62,0,6,1,0,216,1,4
36,0,0,0,0,108,2,0
32,0,0,0,1,333,2,0
51,0,5050,0,1,75,7,0
49,0,1103,0,0,428,2,0
46,0,137,0,0,252,3,0
36,0,-129,1,0,121,3,0
32,0,29,0,0,156,2,0
27,0,1577,1,1,266,2,0
52,0,353,0,0,395,4,0
47,1,-614,1,0,118,2,0
40,0,641,0,0,156,6,0
39,0,416,0,0,56,4,0
46,0,25,0,0,103,2,0
35,0,649,0,0,177,1,0
27,0,872,1,0,1130,3,0
56,0,1270,1,0,80,2,2
42,0,12223,1,0,36,1,0
41,0,293,1,1,102,1,0
36,0,0,0,0,147,2,0
42,0,529,1,1,193,3,0
34,0,201,0,0,257,2,0
31,1,25,0,0,381,1,0
64,0,768,0,0,250,2,1
33,0,467,1,0,494,2,0
61,0,4608,0,0,212,1,0
31,0,440,1,0,117,3,0
34,0,1641,1,0,380,1,0
30,0,1185,1,0,284,1,1
28,0,153,0,0,1124,2,0
27,0,130,1,0,265,3,0
53,0,2581,0,0,99,1,0
37,0,4030,1,0,178,5,0
37,0,767,0,1,204,1,0
59,0,2921,0,0,251,1,0
49,0,301,0,0,789,2,0
49,0,400,0,0,151,3,0
33,0,-53,0,0,617,2,0
53,0,6839,1,0,77,1,0
32,0,782,1,0,116,4,0
38,0,-762,1,1,408,2,0
37,0,4039,0,1,106,2,0
48,0,7289,1,0,316,3,0
44,0,304,1,0,129,2,0
26,0,512,1,1,206,5,3
39,0,270,1,0,116,1,0
38,0,76,1,0,196,3,0
35,0,0,1,1,112,1,6
80,0,8304,0,0,681,1,11
32,0,473,1,0,72,2,1
54,0,2206,0,0,104,1,2
43,0,1413,1,0,75,3,0
37,0,1053,0,0,405,3,0
38,0,3913,1,0,196,2,2
28,0,171,0,0,93,1,0
37,0,0,1,0,247,13,0
43,0,2567,1,0,109,1,2
41,0,428,1,0,92,1,0
47,0,201,1,0,58,2,1
59,0,2308,0,0,815,1,1
30,0,-559,1,1,98,1,2
52,0,603,0,1,79,1,0
46,0,556,1,1,646,3,0
38,0,744,1,0,283,1,12
44,0,-14,1,1,179,4,0
35,0,4515,1,0,98,2,0
34,0,618,1,0,119,4,0
40,0,0,1,1,105,2,1
33,0,0,1,1,163,2,0
40,0,1136,1,0,86,1,0
44,0,10888,1,0,163,1,0
55,0,1187,1,0,193,2,0
26,0,592,0,0,145,2,1
31,0,-45,1,0,184,1,0
26,0,3342,1,0,329,4,0
33,0,4790,1,0,137,1,2
33,0,490,1,0,31,1,2
35,0,5304,1,0,340,1,2
55,0,1467,0,1,277,2,0
80,0,462,0,0,127,2,0
79,0,2628,0,0,220,7,2
67,0,696,0,0,119,1,2
31,0,373,0,0,346,5,0
57,0,1052,1,0,227,4,0
51,0,2139,0,0,176,2,0
32,0,309,1,1,346,1,3
32,0,119,0,0,20,5,0
43,1,-715,1,0,67,3,0
54,0,0,0,0,1366,1,1
35,0,24,1,0,169,1,2
25,0,8,0,0,107,2,0
31,0,223,1,0,508,1,11
37,0,391,1,0,103,3,0
58,0,435,1,0,122,6,0
29,0,404,0,0,413,3,0
46,0,-824,1,0,429,3,0
55,0,168,0,0,79,2,0
35,0,414,1,0,11,5,2
76,0,2590,0,0,68,12,0
35,0,0,1,0,171,1,0
45,0,959,0,0,74,1,0
78,0,229,0,0,97,1,0
23,0,8627,1,0,169,1,1
59,0,195,0,0,366,2,0
32,0,62,1,0,166,1,0
40,0,1041,1,0,73,1,0
54,0,6102,1,1,86,6,0
36,0,419,1,0,251,1,0
36,0,80,1,0,251,3,0
47,0,3727,0,0,993,6,0
30,0,395,0,0,429,1,0
30,0,-336,0,0,128,6,0
31,0,1086,0,0,410,1,0
50,0,1412,0,0,131,3,0
37,0,342,1,0,340,2,1
52,0,1317,0,0,58,1,0
44,0,1910,1,0,41,1,0
32,0,874,0,0,1282,6,0
33,0,353,1,0,107,2,0
28,0,2380,0,0,394,2,0
25,0,1116,1,0,170,3,0
36,0,141,1,0,106,3,0
32,0,73,1,0,158,1,1
36,0,9324,1,0,138,8,0
45,0,58,1,0,119,3,3
44,0,3945,0,0,255,1,0
27,1,-517,1,0,172,3,0
40,0,4157,1,0,735,1,0
35,0,-402,1,0,46,1,0
50,0,1790,0,1,748,3,0
35,0,0,0,0,124,4,0
34,0,1534,1,0,156,1,7
35,0,2971,0,0,429,4,2
35,0,786,0,1,322,1,0
30,0,1380,1,0,294,2,0
34,0,341,0,1,136,1,3
43,0,1577,1,0,87,1,0
33,0,2557,1,0,186,1,0
37,0,704,0,0,165,7,0
25,0,808,0,0,267,2,2
46,0,258,1,0,217,1,0
32,0,-32,1,0,145,1,0
34,0,1239,1,0,90,1,0
41,0,0,0,0,89,1,0
58,0,3382,0,1,294,2,2
54,0,4503,0,0,168,3,0
26,0,170,0,0,129,1,0
59,0,4198,0,0,309,1,10
38,0,7696,1,0,386,2,0
34,0,209,1,1,375,2,0
37,0,22856,0,0,154,1,1
57,0,3777,1,0,65,2,0
39,0,9121,0,0,147,1,0
49,0,1032,1,0,41,5,0
34,0,340,1,0,633,28,0
36,0,-140,1,0,222,2,0
53,0,70,1,0,611,2,0
45,0,1291,1,0,189,17,0
59,0,0,0,1,376,2,0
53,0,65,0,0,25,18,0
38,0,1988,0,0,164,2,2
53,0,4143,0,0,200,3,0
30,0,6836,0,0,30,3,0
42,0,257,1,0,955,2,0
27,0,186,1,0,136,2,0
26,0,7,1,0,188,2,0
29,0,572,0,0,314,1,1
36,0,61,0,1,452,2,0
42,0,4945,1,0,311,2,0
41,0,49,1,0,312,5,0
53,0,4446,1,0,429,1,0
35,0,1792,1,0,630,6,0
40,0,733,1,0,94,7,0
27,0,14,0,0,72,2,0
60,0,55,0,0,207,1,0
31,0,1183,1,0,676,6,0
34,0,16,0,0,990,1,0
45,0,0,1,0,38,1,0
41,0,326,1,0,788,1,0
23,0,4,1,0,395,2,0
58,0,502,1,0,197,2,3
25,0,-350,1,0,95,3,0
46,0,1375,1,0,308,3,0
49,0,780,0,0,148,1,2
33,0,335,0,0,130,4,0
29,0,2485,0,0,48,6,0
59,0,699,0,0,98,1,6
40,0,263,1,0,231,1,0
32,0,41,0,0,686,5,0
55,0,4194,0,1,208,3,0
35,0,1147,1,1,29,1,0
55,0,1011,1,0,112,2,0
41,0,4539,0,0,298,3,0
44,0,-329,1,0,171,1,0
28,0,389,1,0,15,7,0
52,0,2227,0,0,242,2,0
42,0,323,1,1,280,2,0
37,0,1699,0,0,63,1,0
48,0,7195,0,0,609,2,0
29,0,309,1,0,471,3,0
30,0,0,1,0,756,1,0
26,0,321,1,0,242,7,0
46,0,435,1,0,192,3,0
40,0,167,1,1,380,4,1
42,0,3068,1,1,429,2,0
41,0,-256,1,0,147,2,0
32,0,0,0,0,66,1,0
28,0,0,1,0,767,5,0
35,1,0,0,1,105,3,0
37,0,346,1,0,390,1,1
83,0,425,0,0,883,1,1
33,0,125,0,0,66,2,0
48,0,5,1,0,697,2,0
49,0,7007,0,0,325,2,0
32,0,518,1,0,34,7,0
25,0,453,1,0,134,1,0
30,0,105,1,0,75,1,0
49,0,365,0,0,59,2,0
29,0,-287,1,0,196,1,0
35,0,1265,1,0,326,5,4
40,0,-378,1,1,541,1,6
32,0,360,0,0,164,2,0
30,0,604,0,1,475,1,0
31,0,-449,1,0,81,2,0
38,0,605,0,0,147,2,0
49,0,2718,0,0,114,2,0
40,0,294,1,0,97,5,0
33,0,661,1,0,411,1,2
56,0,789,1,0,1022,1,2
57,0,1469,1,0,364,1,0
37,0,102,1,0,101,2,0
51,0,10924,0,0,106,2,0
34,0,1611,1,0,490,2,0
60,0,262,0,0,393,4,0
32,0,1160,1,1,450,2,0
34,0,4170,1,0,935,1,0
34,0,79,0,1,104,1,0
39,0,0,0,0,13,11,0
64,0,43,0,0,117,1,1
47,0,2408,0,0,236,1,1
27,0,390,0,0,190,1,1
50,0,3337,1,1,24,14,0
53,0,238,1,0,238,2,5
39,0,607,1,0,454,2,3
43,0,50,0,0,63,1,0
58,0,7495,1,0,325,1,0
31,0,1014,1,0,158,4,0
32,0,28,0,0,111,2,0
36,0,472,1,0,1017,1,0
23,0,500,1,0,111,3,0
46,0,966,1,1,40,2,0
58,0,1987,0,0,185,4,0
36,0,199,1,0,183,1,0
32,0,133,0,0,171,1,0
34,0,1,1,0,108,1,0
46,0,1008,0,0,24,13,0
33,0,16992,1,0,58,1,0
45,0,-388,1,0,175,2,0
36,0,222,1,0,317,1,2
22,0,4111,0,1,65,1,0
37,0,223,1,0,25,1,0
41,0,3016,1,0,80,3,0
34,0,44,0,0,118,1,0
60,0,3735,0,0,190,1,9
41,0,764,0,0,230,2,0
41,0,140,1,0,65,3,0
37,0,712,1,0,291,2,0
27,0,5563,1,0,435,2,0
43,0,27733,1,0,164,7,0
32,0,923,1,0,819,4,0
48,0,10655,0,0,5,3,0
39,0,285,1,1,209,1,0
41,0,4900,1,0,121,2,0
49,0,1040,0,0,474,2,0
28,0,1532,0,0,253,1,5
36,0,63,1,0,56,8,0
42,0,145,0,0,252,2,0
52,0,1054,0,0,273,1,0
56,0,802,0,0,258,2,0
37,0,1,0,0,395,2,0
47,0,3451,0,1,125,2,0
35,0,298,1,0,135,2,2
33,0,599,1,0,29,1,0
36,0,27359,1,0,71,2,0
42,0,505,1,0,521,2,0
29,0,3672,1,1,1210,1,0
44,0,2524,0,0,82,1,0
34,0,0,1,0,172,1,0
31,0,0,1,0,40,2,0
34,0,0,0,1,339,1,0
39,0,235,0,0,217,1,0
43,0,2767,1,0,317,7,0
38,0,1514,0,1,160,3,3
36,0,1281,0,0,119,2,0
56,0,694,0,0,144,1,1
68,0,19317,1,0,249,1,0
54,0,211,0,0,200,2,0
30,0,1570,1,0,260,1,0
34,0,5086,0,0,213,4,0
28,0,1199,1,0,1011,20,0
35,0,5731,1,0,164,2,4
30,0,2145,1,0,727,2,0
48,0,5366,1,0,248,3,0
42,0,-105,1,0,60,2,0
42,0,1811,1,0,150,1,0
34,0,1076,0,0,152,1,6
31,0,5191,0,0,187,2,0
45,0,706,0,0,78,2,1
42,0,30,1,0,98,1,3
31,0,1626,0,0,356,2,3
34,0,247,1,1,193,5,0
30,0,7513,0,0,269,2,0
36,0,23,1,0,152,2,1
37,0,0,1,0,65,2,1
60,0,1801,0,0,167,1,0
37,0,2442,0,0,91,3,0
45,0,784,1,1,34,1,0
34,0,360,1,0,46,1,2
33,0,0,1,1,83,12,0
38,0,311,1,0,61,2,0
41,0,2067,1,0,493,7,0
32,0,3939,0,0,209,2,0
36,0,-73,1,1,15,8,0
56,0,29,0,0,52,2,1
39,0,26,0,0,311,5,0
52,0,693,0,0,271,1,0
34,0,1298,1,0,120,1,0
40,0,1270,0,0,342,2,0
29,0,452,1,0,59,1,0
34,0,9851,1,0,128,5,0
43,0,130,0,0,156,1,3
50,0,558,0,0,464,1,6
42,0,401,1,0,217,9,0
33,0,-241,1,1,169,1,0
34,0,0,0,0,141,1,1
47,0,153,1,0,192,2,0
37,0,2707,1,0,109,1,0
27,0,-151,0,0,283,2,0
38,0,13156,1,0,291,4,1
40,0,1729,1,0,85,1,0
44,0,0,1,0,300,1,0
33,0,23,0,0,216,3,0
43,0,0,1,0,674,3,0
34,0,925,1,0,709,1,0
29,0,1599,1,0,115,1,1
35,0,317,1,0,162,3,0
27,0,58,1,0,113,1,2
53,0,320,0,0,175,1,0
51,0,837,0,0,41,2,0
32,0,1649,0,0,204,2,0
40,0,10786,0,0,111,3,0
39,0,238,1,1,134,1,0
35,0,62,0,1,67,1,0
57,0,2416,0,0,74,2,0
49,1,-701,1,0,988,2,0
44,0,724,1,0,157,2,1
36,0,-296,1,0,113,3,0
56,0,3391,0,0,243,1,0
34,0,852,0,0,108,2,0
38,0,595,1,0,245,3,0
53,0,-22,1,0,20,3,0
66,0,4785,0,0,72,3,0
51,0,1490,1,0,227,2,0
49,0,39,1,0,27,5,0
42,0,-119,1,0,167,3,0
45,0,2087,0,0,29,14,0
58,0,2764,0,0,235,1,0
49,0,563,0,0,84,1,0
50,0,0,0,0,86,4,0
36,0,1409,0,0,235,2,0
42,0,1205,0,0,376,2,0
33,0,-333,1,0,329,5,0
62,0,367,0,0,139,5,0
60,0,3387,0,0,636,2,0
45,0,0,0,0,5,1,0
34,0,10,0,1,162,1,3
32,0,1031,1,0,84,1,0
35,0,1253,1,0,210,2,0
46,0,751,1,0,104,2,0
38,0,432,1,0,10,2,1
56,0,272,0,0,103,2,0
55,0,410,0,1,221,2,0
53,0,-118,1,0,101,3,0
49,0,-55,0,0,150,3,0
33,0,86,1,0,364,1,0
34,0,0,0,0,191,2,0
32,0,2185,0,0,354,2,0
59,0,9676,0,0,234,2,0
34,0,1499,1,0,186,1,2
35,0,724,1,0,287,2,1
41,0,72,1,0,764,3,0
42,0,92,0,0,86,2,0
38,0,1042,1,0,419,2,0
38,0,2543,0,0,223,1,4
42,1,66,1,1,139,1,0
36,0,5195,1,0,55,25,0
45,0,4022,1,0,244,3,0
71,0,14220,1,0,397,1,0
51,0,0,1,0,324,1,0
27,0,0,1,0,1608,13,0
32,1,-18,1,0,155,3,0
34,0,462,0,0,1877,3,0
43,0,764,1,0,557,5,0
46,0,452,1,0,113,4,0
40,0,1397,1,0,58,2,1
58,0,0,0,0,506,1,0
27,0,619,1,0,16,5,4
24,0,111,1,1,42,4,0
44,0,4758,1,0,712,6,0
43,0,181,0,0,41,1,0
30,0,1743,1,0,192,4,0
51,1,-2082,0,1,123,6,0
33,0,39,0,0,123,5,0
47,0,459,1,0,189,4,0
46,0,22,0,0,388,6,0
71,0,261,0,0,1117,2,0
54,0,1139,1,0,155,1,7
32,0,118,1,0,1275,1,0
30,0,0,1,0,127,1,0
33,0,1165,1,0,420,2,0
44,0,2058,0,1,661,1,0
69,0,745,0,0,595,1,0
39,0,83,1,0,69,6,0
43,0,3529,1,0,190,3,0
37,0,1633,1,0,229,3,0
41,0,77,1,0,56,1,0
80,0,1548,0,0,331,2,0
36,0,925,0,0,321,3,4
53,0,230,0,1,112,2,0
51,0,492,1,0,142,3,0
42,0,936,0,0,931,1,0
51,0,12,1,0,150,1,0
48,0,425,1,0,693,2,0
57,0,35,0,1,215,3,0
43,0,0,1,0,110,1,0
54,0,22,0,0,23,4,0
49,0,1405,0,0,29,1,0
51,0,5108,1,0,272,1,8
54,0,2960,1,0,83,1,0
45,0,-149,1,0,287,2,0
27,0,3638,0,0,271,5,0
53,0,100,0,0,205,4,0
73,0,19,0,0,509,2,0
36,0,1825,1,0,24,1,1
31,0,614,0,0,72,4,0
34,0,-294,1,0,532,2,0
38,0,-1,1,0,72,1,0
51,0,1612,0,0,384,1,5
60,0,7337,0,0,122,1,0
39,0,6,1,0,286,2,0
31,0,16,0,0,387,1,0
30,0,2581,0,0,221,2,0
53,0,1278,1,0,174,3,0
40,0,1603,0,0,279,1,0
33,0,123,0,0,264,1,0
42,0,-1310,1,1,162,1,0
54,0,26306,1,0,27,1,3
35,0,11,1,0,326,4,0
33,0,-320,0,0,268,2,0
59,0,593,0,0,64,2,0
39,0,293,1,0,160,3,0
36,0,9269,1,1,107,2,0
30,0,1,1,1,80,2,0
33,0,4902,1,0,110,1,0
40,0,35,0,0,318,4,3
48,0,559,1,0,1231,2,0
36,0,0,0,0,332,3,0
39,0,147,1,0,151,2,0
35,0,160,1,0,141,6,0
52,0,204,0,0,134,2,0
53,0,0,1,1,586,2,0
43,0,489,1,0,130,1,2
45,0,2033,0,0,123,1,4
39,0,116,0,0,79,2,2
36,0,649,0,0,237,2,1
57,0,158,1,0,73,1,0
48,0,1678,0,0,263,2,0
41,0,0,0,0,95,1,0
34,0,1268,1,0,259,3,0
45,0,3370,0,0,36,3,0
40,0,17,0,0,78,1,0
46,0,2098,0,0,110,2,0
40,0,0,0,0,44,1,0
36,0,973,1,1,293,1,0
36,0,1852,0,0,362,1,0
58,0,541,1,0,98,1,0
25,0,18,1,0,225,1,0
34,0,1972,1,0,61,2,0
72,0,763,0,0,384,2,0
34,0,-370,1,0,748,1,0
45,0,220,1,0,89,4,0
70,0,616,0,0,149,2,1
30,0,142,1,0,350,4,0
47,0,2,0,0,89,1,0
49,0,489,1,0,84,4,0
43,0,232,0,1,45,1,0
31,0,0,0,1,144,4,0
51,0,307,1,1,65,2,0
45,0,4365,0,1,45,2,0
55,0,383,0,0,287,1,0
59,0,9976,1,0,57,2,0
30,0,-635,0,0,250,1,0
34,0,1831,1,0,203,2,0
30,0,125,1,0,238,2,0
55,1,-308,0,0,781,1,0
37,0,47,0,0,374,3,0
36,0,-435,1,0,85,8,0
51,0,602,1,0,347,1,2
33,0,716,1,0,234,2,0
34,0,475,1,0,538,8,0
41,0,4567,1,1,106,1,0
42,0,100,0,0,64,2,0
55,0,273,1,0,84,3,3
41,0,6563,0,0,136,8,0
32,0,0,0,0,119,3,0
41,0,982,0,0,105,1,0
52,0,60,0,1,196,2,0
29,0,209,1,0,487,7,0
37,0,6101,0,0,60,5,1
26,0,209,1,0,319,2,0
56,0,217,0,1,121,2,0
25,0,0,1,0,160,1,0
29,0,22171,1,0,44,1,3
27,0,0,1,0,323,4,0
26,0,155,1,0,291,1,4
32,0,811,1,0,563,1,0
38,0,1161,1,0,665,1,0
34,0,586,1,0,489,2,0
30,0,0,1,0,131,6,9
32,0,890,1,1,27,10,0
23,0,5,0,0,413,1,0
28,0,934,1,0,53,2,0
45,0,-192,1,0,138,3,0
57,0,6164,0,0,161,2,0
34,0,202,1,0,318,1,0
54,0,-315,0,1,2029,1,0
20,0,1191,0,0,274,1,0
33,0,745,1,0,115,4,0
25,0,304,0,0,226,2,0
42,0,7041,1,0,386,4,0
42,0,0,0,0,118,6,0
41,0,204,0,0,111,7,0
52,0,278,1,0,688,2,0
48,0,157,1,0,73,1,0
29,0,3931,1,0,73,4,0
27,0,118,0,0,112,1,0
56,0,237,1,0,236,4,0
34,0,-319,1,1,134,4,0
31,0,3283,0,0,258,1,1
53,0,112,0,1,246,3,0
29,0,200,1,0,322,2,0
37,0,121,0,0,22,6,0
38,0,1449,0,0,535,6,0
63,0,133,1,0,104,2,0
50,0,372,1,0,21,1,0
31,1,-6,0,1,94,2,0
34,0,1310,0,0,521,3,7
51,0,1679,0,0,417,1,9
33,0,61,0,0,836,3,0
26,0,350,0,0,367,1,0
35,0,189,1,0,95,1,0
41,0,88,1,0,105,1,2
30,0,175,0,0,167,4,0
39,0,20,1,0,109,1,0
45,0,419,0,0,113,4,0
59,0,2764,0,0,237,1,2
43,0,778,1,1,284,5,0
61,0,1471,0,0,331,2,0
70,0,6850,0,0,252,3,1
38,0,1931,0,0,167,1,10
60,0,78,1,0,113,3,0
29,0,3,1,0,183,1,0
47,0,2306,0,0,239,4,0
28,0,168,0,0,347,3,2
35,0,20,1,1,505,3,0
28,0,227,0,0,278,1,0
51,0,3726,0,1,119,12,0
39,0,3663,0,0,230,3,0
34,0,172,0,0,177,1,0
39,0,0,1,0,561,4,3
43,0,-932,1,0,567,1,0
47,0,1233,1,0,91,1,2
60,0,322,1,0,63,1,0
37,0,0,1,0,77,1,0
21,0,681,0,0,6,1,0
48,0,0,1,0,105,1,0
27,0,282,0,1,676,5,0
26,0,0,0,0,165,23,0
56,0,1044,0,0,353,2,0
57,0,1621,1,0,108,1,0
44,0,2319,0,0,251,3,0
30,0,180,0,0,203,1,2
27,0,639,0,1,243,3,0
36,0,1521,1,0,243,2,0
32,0,101,1,0,191,4,0
38,0,623,0,0,297,4,4
38,0,5092,1,0,145,6,0
26,0,2572,1,0,620,1,0
46,0,0,1,0,264,2,0
50,0,1130,1,0,119,2,0
34,0,455,1,0,372,3,0
30,0,127,1,0,16,6,1
60,0,493,0,0,671,4,0
36,0,1746,1,0,99,1,0
27,0,266,0,1,232,1,0
36,0,3064,1,0,240,3,4
32,0,3540,1,0,213,1,1
38,0,792,0,0,430,1,0
25,0,157,1,0,33,31,0
37,0,0,0,0,115,1,0
48,0,5057,0,1,37,1,0
41,0,4,0,0,74,5,0
26,0,461,0,0,214,1,0
45,0,4646,1,0,118,1,0
43,0,38,1,0,197,6,0
41,0,64,1,1,210,2,0
34,0,440,1,0,445,2,2
49,0,579,1,0,396,1,0
31,0,12569,0,0,344,1,1
35,0,128,1,0,136,1,0
32,0,1100,1,1,67,1,0
29,0,330,1,0,88,2,0
60,0,4820,0,0,419,1,0
55,0,145,0,0,59,3,2
41,0,231,0,0,76,2,0
69,0,579,0,0,230,1,0
47,0,599,1,0,99,3,0
37,0,-296,1,0,81,1,0
32,0,736,1,0,700,3,0
36,0,2323,0,0,111,1,0
52,0,826,1,0,468,2,0
33,0,-386,1,0,530,1,0
32,0,61,1,0,529,5,0
31,0,360,1,1,89,1,1
38,0,284,1,1,1030,6,0
56,0,22196,1,0,189,1,0
41,0,1249,1,0,391,1,0
38,0,493,1,0,553,1,7
48,0,454,1,0,114,1,0
36,0,442,1,1,102,3,0
57,0,4012,0,0,915,1,0
31,0,6248,1,0,154,2,0
38,0,883,1,0,95,1,9
26,0,2469,0,0,136,8,0
54,0,8,1,0,143,1,0
41,0,221,1,0,57,2,0
34,0,7,1,1,171,2,2
47,0,286,0,0,557,7,0
64,0,679,0,0,135,3,0
37,0,310,0,0,76,1,0
39,0,-41,0,1,40,15,0
42,0,994,1,0,149,1,5
33,0,-416,1,0,767,2,0
32,0,2,1,0,100,2,0
60,0,89,0,0,156,2,0
36,0,254,0,0,161,3,0
34,0,228,1,0,387,4,0
34,0,-308,1,0,140,2,0
33,0,26,1,0,342,3,1
37,0,0,1,0,640,2,0
56,0,353,0,1,171,2,0
52,0,2347,0,1,603,3,0
52,0,2087,1,0,267,1,1
32,0,9,1,0,334,2,0
29,0,21,1,0,107,4,3
36,0,487,0,1,268,3,0
19,0,0,0,0,123,3,0
40,0,2893,0,0,76,3,0
59,0,2013,0,0,222,4,2
33,0,3935,1,0,765,1,2
41,0,819,0,0,244,3,0
27,0,-148,1,0,146,3,1
38,0,-673,1,0,364,1,0
27,0,158,0,0,650,2,0
32,0,1670,1,0,183,1,0
53,0,459,0,0,558,1,0
40,0,782,1,0,224,2,0
25,0,368,0,0,168,1,0
58,0,0,1,0,5,25,0
26,0,609,0,0,112,1,0
26,0,261,1,0,371,2,0
38,0,8876,0,0,280,1,1
52,0,1810,0,0,117,1,0
27,0,81,0,0,197,1,3
52,0,0,1,0,197,1,0
42,0,364,0,0,52,1,0
58,0,3496,1,0,111,4,0
28,0,1020,1,0,251,1,0
41,0,-41,1,1,154,1,0
43,0,1029,1,0,145,1,0
32,0,1831,1,0,86,2,0
48,0,60,0,0,376,2,7
28,0,3412,1,0,22,4,0
36,0,189,1,0,136,1,1
30,0,19358,0,0,258,2,0
51,0,2094,0,0,458,6,0
51,0,143,1,0,627,1,0
31,0,79,1,1,235,11,0
59,0,0,0,0,3025,2,0
34,0,179,0,0,294,3,0
44,0,2523,1,0,1236,2,0
35,0,1732,0,0,1441,3,0
35,0,2486,1,0,265,1,0
35,0,0,1,0,146,2,0
48,0,1092,0,1,79,1,8
55,0,1649,1,0,52,3,0
36,0,198,1,0,400,2,0
59,0,-47,1,0,84,4,0
42,0,344,1,0,26,7,0
39,0,14,1,1,19,9,0
46,0,222,0,0,71,2,0
30,0,775,1,0,124,2,0
58,0,3401,1,0,84,3,2
26,0,2610,1,1,626,1,0
31,0,1134,0,0,174,2,0
35,0,2,0,0,239,4,0
39,0,1072,1,0,1168,2,0
31,0,0,0,1,275,2,0
41,0,389,1,0,127,2,0
78,0,499,0,0,80,4,0
49,0,-37,0,0,191,2,0
31,0,413,1,0,65,1,0
48,0,5095,1,0,71,1,0
43,0,105,0,1,668,2,0
37,0,0,1,0,226,1,3
27,0,5291,0,0,192,2,2
34,0,586,1,1,224,2,0
32,0,2400,1,1,450,3,0
31,0,6290,0,0,303,2,0
50,0,3924,1,0,122,2,0
35,0,8647,0,0,140,2,0
33,0,288,1,0,306,1,0
41,0,89,1,0,333,2,0
27,0,1209,0,0,283,1,0
32,0,456,0,0,121,1,0
48,0,0,0,0,60,5,0
30,0,4787,1,0,99,2,0
39,0,1190,0,0,136,1,0
43,0,49,1,0,100,1,0
43,0,-93,1,0,402,2,0
58,0,116,0,0,580,3,0
48,0,1499,1,0,17,7,0
38,0,21,0,0,634,2,0
41,0,2105,1,0,134,1,0
36,0,506,0,0,47,1,1
26,0,668,1,0,576,3,0
30,0,3,1,0,45,2,2
32,0,1059,1,0,115,1,0
36,0,260,1,0,49,1,0
39,0,102,1,0,272,2,0
32,0,10218,1,0,149,2,0
30,0,302,0,0,528,3,0
48,0,1910,1,0,413,2,0
31,0,-162,1,0,380,1,0
37,0,410,0,0,337,2,0
29,0,482,0,1,1097,3,0
30,0,985,1,0,88,2,0
24,0,508,1,0,12,3,1
57,0,254,0,0,676,1,0
50,0,1011,1,0,340,2,0
42,0,2157,1,0,149,1,2
51,0,1315,0,0,303,2,0
43,0,109,1,0,64,3,0
38,0,12877,0,0,118,3,0
56,0,-59,0,1,127,6,0
36,0,386,0,0,359,2,0
39,0,0,1,0,53,1,1
80,0,0,0,0,639,1,1
51,0,630,1,0,138,1,0
36,0,1174,1,0,192,2,0
58,0,1640,0,1,72,6,4
38,0,0,1,0,96,2,0
39,0,36,0,0,70,2,0
42,0,308,0,0,114,2,0
33,0,-204,0,0,297,3,0
40,0,419,1,0,347,1,0
53,0,0,0,0,140,7,0
30,0,18,0,0,121,11,0
31,0,2305,0,0,139,1,0
37,0,3242,1,0,233,1,0
37,0,801,0,0,331,7,0
42,1,-34,0,0,176,1,0
49,0,852,1,0,408,1,0
36,0,0,0,0,85,6,0
30,0,102,1,0,614,2,0
53,0,-905,1,0,213,1,0
32,0,0,1,0,99,13,0
59,0,0,1,0,226,1,0
34,0,318,1,0,133,2,0
45,0,4994,0,0,48,1,0
44,0,5780,1,0,525,2,0
46,0,23,0,0,344,1,0
31,0,1306,1,0,217,5,0
40,0,1836,1,0,750,2,0
56,0,800,0,1,170,1,0
57,0,16063,1,0,352,3,0
28,0,2685,0,1,5,1,0
32,0,0,0,0,181,2,0
41,0,1066,0,0,109,3,0
43,0,17,1,0,353,4,0
37,0,1063,1,0,413,2,0
45,0,809,1,0,155,2,4
43,0,17555,0,0,14,14,0
38,0,2998,1,0,91,1,0
32,0,1148,1,0,121,1,0
53,0,2289,1,1,183,1,0
59,0,7179,0,0,150,1,0
42,0,1533,0,1,86,1,0
33,0,324,1,0,217,2,0
44,0,809,1,0,118,4,0
33,0,3143,0,0,421,2,0
34,0,5498,0,0,265,1,0
35,0,188,0,0,286,2,0
35,0,700,1,0,240,2,0
36,0,9,0,0,386,4,0
49,0,0,1,1,97,6,0
56,0,212,0,1,27,1,0
35,0,816,1,0,547,7,0
40,0,2,0,0,197,5,0
46,0,519,1,0,217,6,0
51,0,-11,0,0,126,4,0
76,0,86,0,0,192,1,0
45,0,115,0,0,209,4,0
34,0,1671,0,0,160,1,0
31,0,0,1,1,71,1,9
38,0,6704,1,0,205,2,0
48,0,363,0,0,67,1,0
30,0,261,0,0,233,1,20
39,0,0,1,0,81,2,0
52,0,2,0,0,70,3,0
38,0,46,1,1,195,1,0
43,0,59,0,0,437,2,0
40,0,0,1,1,245,3,0
72,0,4130,0,0,427,1,0
42,0,440,1,0,13,5,0
46,0,668,1,0,1263,2,0
55,0,3339,1,0,63,1,0
36,0,-872,1,1,153,1,1
40,0,591,0,1,87,6,0
52,0,196,1,1,116,1,3
31,0,-120,1,0,231,2,0
51,0,2662,0,0,148,2,0
30,0,71,1,0,122,6,0
57,0,5799,0,0,97,1,0
34,0,412,1,1,164,1,0
69,0,473,0,0,112,1,1
32,0,415,1,0,777,4,0
49,0,151,1,0,97,3,0
39,1,-183,1,0,202,2,0
37,0,61,1,0,182,8,0
34,0,47,0,0,132,6,0
38,0,7929,0,0,182,3,0
26,0,5116,1,0,246,3,0
38,0,290,1,0,283,1,0
31,0,119,1,0,380,1,0
50,0,-568,1,1,860,2,0
35,0,285,1,0,136,1,0
43,0,1211,1,0,208,3,0
53,0,225,1,0,304,1,1
37,0,7,1,0,224,7,1
35,0,871,1,0,216,3,0
50,0,148,1,0,198,2,0
34,0,1412,1,1,157,2,0
26,0,-8,0,0,402,2,0
31,0,287,1,0,182,1,0
56,0,1877,1,0,86,1,0
34,0,84,1,0,299,1,0
51,0,872,0,0,82,2,0
58,0,3228,0,0,58,2,0
59,0,1026,0,0,669,1,0
43,0,434,1,0,117,1,0
58,0,111,0,0,58,2,0
46,0,273,1,0,910,2,4
48,0,199,0,0,29,2,0
50,0,1772,0,0,206,4,0
36,0,417,1,0,15,10,3
55,0,0,1,0,119,2,0
31,0,864,1,0,100,1,0
33,1,280,0,1,155,1,0
55,0,471,1,0,58,2,0
53,0,22370,1,0,106,1,0
37,0,489,1,0,205,5,0
25,0,-76,1,0,241,3,0
40,0,1959,1,0,177,1,0
26,0,-759,1,0,191,1,0
34,0,-28,1,0,574,1,0
63,0,415,1,0,323,1,0
62,0,565,0,0,123,3,0
26,0,1275,1,0,18,9,0
54,0,-22,0,1,85,1,0
32,0,1012,0,0,178,1,0
57,1,-3313,1,1,153,1,0
45,0,2128,1,0,149,4,0
55,0,16,0,0,64,1,0
21,0,2488,0,0,258,6,3
36,0,307,1,0,341,1,2
33,0,483,1,0,280,2,0
58,0,413,0,0,104,5,0
37,0,1328,1,0,121,2,4
32,0,1667,1,0,164,2,3
31,0,7744,0,0,377,8,0
39,0,3972,0,0,122,3,0
38,0,258,0,1,587,2,0
58,0,1517,1,0,7,5,0
34,0,35,1,0,76,1,2
36,0,760,0,0,9,13,0
31,0,1214,0,0,39,1,0
48,0,8,0,1,46,1,0
35,0,-339,1,0,389,2,0
42,0,0,1,1,209,2,0
53,0,732,0,0,759,2,0
58,0,4015,0,0,106,3,0
35,0,1949,1,0,200,3,0
34,0,4348,1,0,373,8,0
53,0,2647,1,0,121,1,0
53,0,1868,0,0,156,4,0
69,0,2144,0,0,417,1,4
34,0,475,1,1,1156,1,0
47,0,187,1,0,165,1,0
27,0,0,1,0,435,3,0
44,0,-674,1,0,257,1,0
63,0,1490,0,0,506,1,0
36,0,1177,0,0,330,1,4
56,0,659,0,1,56,1,0
23,0,-306,1,0,217,2,0
42,0,704,1,1,88,10,0
53,0,25,1,0,266,3,0
43,0,690,1,0,171,3,0
51,0,1840,1,0,312,3,0
52,0,-9,0,0,123,1,0
36,0,1554,1,0,325,4,0
56,0,345,1,0,605,1,0
33,0,359,1,0,210,1,1
47,0,-1148,1,1,62,2,0
31,0,757,0,0,343,2,0
30,0,6900,0,0,816,1,0
51,0,174,0,0,308,3,0
49,0,15,1,0,550,7,0
36,0,174,1,0,223,2,0
34,0,5039,0,0,205,6,0
39,0,209,0,0,36,2,0
50,0,2881,0,0,510,2,5
33,0,5235,0,0,67,3,0
48,0,-202,1,1,225,4,0
36,0,2843,0,0,473,1,1
29,0,-76,1,0,305,2,0
32,0,1390,0,0,116,2,0
25,0,959,0,0,144,5,0
52,0,0,0,0,182,11,0
75,0,26452,0,0,219,2,0
42,0,-166,0,0,85,4,0
47,0,65,0,0,118,8,0
37,0,260,1,0,446,2,0
60,0,71,0,0,121,3,0
33,0,2411,1,0,130,1,1
26,0,565,1,0,582,11,0
33,0,92,1,0,127,1,0
38,0,213,1,0,270,15,0
43,0,483,1,0,225,3,0
46,0,342,1,1,84,1,0
56,0,828,1,0,214,1,1
31,0,-407,0,1,230,1,0
30,0,102,1,0,470,7,3
28,0,517,0,1,681,1,0
22,0,3472,0,0,332,1,3
54,0,88,1,0,190,1,0
52,0,-98,1,0,423,1,0
39,0,109,1,0,699,3,0
34,0,-292,1,0,181,6,0
51,0,3921,1,0,168,1,0
55,0,197,0,1,256,1,0
54,0,1956,0,0,221,5,0
43,0,264,1,0,113,2,0
34,0,518,1,0,206,1,0
38,0,846,0,0,253,1,0
61,0,76,1,0,195,7,0
43,0,192,0,0,203,2,0
27,0,468,1,0,109,1,0
55,0,383,0,0,343,3,0
54,0,386,0,1,74,1,1
29,0,1445,0,0,328,2,2
39,0,7066,1,0,667,3,3
34,0,943,0,0,96,4,0
33,0,58,1,0,57,2,0
29,0,581,1,1,192,2,0
35,0,8,1,0,55,4,0
40,0,-7,0,1,697,1,0
41,0,3355,0,0,181,2,1
42,0,-246,1,0,149,1,0
41,0,787,1,0,297,2,0
57,0,162,1,0,174,1,0
36,0,6,1,0,100,1,1
36,0,146,1,1,284,2,0
61,0,2917,0,0,215,1,0
52,0,255,0,1,374,3,0
30,0,3096,0,0,123,1,0
55,0,9756,1,0,103,2,1
32,0,-255,0,1,957,3,0
36,0,678,0,1,85,3,0
31,0,22546,1,0,8,6,4
32,0,131,0,0,267,3,0
33,0,0,1,0,1448,7,0
26,0,484,1,0,48,2,0
36,0,1531,1,0,81,3,1
57,0,1341,1,0,339,2,0
30,0,0,1,0,209,2,0
46,0,466,1,0,169,1,0
41,0,8,1,0,155,2,0
83,0,1097,0,0,181,1,0
55,0,236,0,0,200,1,0
45,0,942,0,0,362,1,0
52,0,192,1,0,61,2,0
44,0,0,0,0,54,2,0
47,0,405,0,1,994,2,0
41,0,1287,0,0,286,1,0
23,0,598,0,0,166,1,0
35,0,8,0,0,93,3,0
42,0,382,1,0,294,1,0
58,0,23,1,0,91,6,0
32,0,2,0,0,144,2,0
35,0,81,1,0,79,1,0
44,0,1071,1,0,143,3,1
41,0,1334,1,0,234,5,0
50,0,7317,1,0,172,1,1
49,0,-471,1,0,77,3,7
40,0,1217,1,1,155,1,0
37,0,749,0,0,219,1,0
36,0,2880,0,0,283,1,0
44,0,-665,0,0,342,3,0
70,0,2815,0,0,125,2,1
28,0,1633,0,0,275,1,0
35,0,470,1,0,743,13,0
31,0,1766,0,1,166,2,0
29,0,84,1,0,1101,2,0
58,0,1013,1,0,206,1,1
44,0,-101,1,0,99,1,0
42,0,9009,0,0,135,2,0
54,0,1295,1,0,179,10,0
34,0,4,1,0,644,1,0
31,0,40,0,0,123,2,0
43,0,3529,0,0,169,2,0
35,0,2988,1,0,179,1,0
28,0,172,1,1,194,2,0
25,0,10788,0,0,102,2,2
43,0,1574,1,0,167,3,0
25,0,468,1,0,147,1,0
60,0,65,1,0,1028,2,0
56,0,15311,0,0,157,6,0
33,0,0,1,0,177,2,0
37,0,1661,0,0,199,5,0
28,0,655,1,0,606,2,0
29,0,452,1,0,347,1,0
52,0,14363,0,0,132,1,0
42,0,1491,1,0,203,2,2
28,0,4579,0,0,409,2,0
31,0,0,1,1,59,4,0
39,0,98,1,0,59,3,1
46,0,143,1,0,279,1,0
51,0,260,0,0,316,5,0
30,0,185,0,0,11,1,0
35,0,524,1,0,484,4,0
38,0,497,1,1,88,5,0
32,0,-55,1,0,107,4,0
51,0,18,0,1,363,6,0
43,0,2,1,0,783,3,0
38,0,0,0,0,247,2,0
46,0,324,1,0,293,6,0
34,0,69,0,1,120,3,6
34,0,-346,0,0,136,4,0
40,0,507,1,0,134,1,7
36,0,9019,1,0,952,3,0
50,0,961,0,1,757,4,0
35,0,-51,0,0,134,2,0
43,1,-1164,1,1,76,4,0
24,0,926,1,1,191,1,0
32,0,697,0,0,119,1,3
46,0,2749,1,0,332,1,0
27,0,703,1,0,590,3,0
48,0,865,1,0,78,2,0
39,0,1045,1,1,290,13,0
34,0,244,1,0,56,4,0
56,0,1922,1,0,247,2,0
52,0,50,1,0,84,3,0
55,0,3873,0,0,222,1,0
46,0,334,1,0,36,6,2
39,0,1601,1,0,201,2,0
32,0,-399,1,0,180,1,0
35,0,0,1,0,524,1,5
35,1,32,1,0,180,1,0
28,0,5549,0,0,383,6,0
25,0,1420,0,0,124,2,0
32,0,2536,1,0,958,6,0
37,0,0,0,0,268,2,3
37,0,1315,0,0,224,1,0
41,0,1567,0,0,291,2,0
41,0,5426,1,0,149,2,0
31,0,1890,1,0,588,1,0
77,0,4659,0,0,161,1,0
60,0,6313,0,0,39,2,0
46,0,179,1,0,194,4,1
23,0,9216,0,0,471,2,0
57,0,39,1,0,354,3,0
48,0,1526,0,0,273,2,0
39,0,1315,1,0,1337,4,1
45,0,0,1,0,139,2,0
54,0,1691,1,0,186,1,0
36,0,123,1,0,9,1,0
43,0,0,0,1,9,2,5
32,0,2349,0,0,134,5,0
42,0,7190,1,0,375,2,0
42,0,63,0,0,88,6,0
40,0,260,0,0,197,6,0
70,0,4531,0,0,445,1,0
35,0,4286,1,0,357,1,0
38,0,1199,0,0,178,1,1
47,0,447,0,1,126,1,0
63,0,1084,0,0,201,1,1
41,0,3950,1,0,96,2,0
36,0,219,1,1,270,2,1
44,0,0,1,1,159,1,0
46,0,271,1,0,134,4,0
27,0,3196,0,0,10,2,0
23,0,780,0,0,267,1,0
58,0,497,0,0,138,5,0
48,0,302,1,0,208,3,0
33,0,1240,1,0,505,2,1
41,0,288,1,0,221,4,0
41,0,744,1,0,125,1,0
34,0,186,0,0,342,1,0
42,0,1076,1,0,213,1,0
37,0,502,1,0,551,1,1
36,0,342,1,0,142,1,0
35,0,4508,1,0,854,1,0
44,0,795,0,0,99,24,0
59,0,0,0,0,722,1,4
40,0,694,1,0,97,4,5
52,0,779,1,0,30,3,0
38,0,121,1,1,168,1,2
34,0,902,1,0,159,1,2
27,0,1033,1,0,1713,1,0
32,0,182,1,0,145,1,0
58,0,76,1,0,54,4,0
34,0,663,1,0,111,1,0
46,0,3455,1,0,566,2,0
27,0,59,0,0,792,4,0
63,0,2747,0,0,113,1,1
47,0,2914,1,0,405,13,0
36,0,-302,1,0,36,2,0
49,0,171,0,0,19,3,2
31,0,236,1,1,211,3,0
39,0,1048,0,1,405,1,0
31,0,88,1,1,189,2,0
51,0,1594,0,0,197,1,0
31,0,36,0,0,105,2,0
33,0,9449,1,0,428,1,0
30,0,2,1,1,1031,8,0
56,0,0,0,0,471,2,0
45,0,1343,0,1,220,1,0
38,0,25,1,0,232,2,0
41,0,1281,0,0,45,3,0
28,0,174,0,0,184,1,0
37,0,4153,1,0,35,16,0
47,0,7708,1,0,157,5,0
30,0,60,1,1,306,5,0
40,0,445,1,0,631,1,0
32,0,55,0,0,124,3,0
37,0,509,1,0,133,1,0
52,0,1781,1,0,144,2,0
42,0,352,1,0,79,3,0
32,0,271,1,0,80,2,2
51,0,16,1,0,158,1,0
43,0,1429,1,0,1015,1,2
38,0,3190,1,0,20,2,0
54,0,0,1,0,159,2,0
33,0,636,1,0,211,11,0
35,0,141,1,0,299,2,0
38,0,15030,1,0,167,1,7
28,0,183,1,1,62,2,0
26,0,255,0,0,457,1,1
41,0,338,1,0,87,1,0
49,0,61,1,0,185,2,1
31,0,1354,1,1,222,2,0
51,0,10287,1,0,117,1,0
58,0,409,0,1,643,2,0
33,0,4040,1,0,132,2,0
67,0,16353,0,0,223,2,0
51,0,340,1,0,186,1,0
40,0,109,0,0,402,22,0
48,0,428,1,0,127,1,0
55,0,2,1,0,95,1,0
34,0,3723,1,0,47,5,0
53,0,255,0,0,126,1,0
35,0,6411,1,1,144,1,2
44,0,134,0,0,86,4,0
23,0,8494,0,0,158,2,0
48,0,841,1,0,215,1,0
46,0,538,0,0,118,3,0
39,0,2903,1,1,259,2,0
41,0,780,1,0,432,3,0
25,0,72,1,0,305,2,0
48,0,1147,0,0,389,1,2
28,0,594,1,1,54,3,0
31,0,-502,1,0,76,4,0
37,0,0,0,0,69,2,0
41,0,2885,0,0,40,1,0
43,0,146,0,0,50,1,5
35,0,2789,1,0,256,2,1
29,0,877,0,0,166,3,0
34,0,176,0,0,78,1,0
57,0,0,1,1,648,1,0
42,0,3052,1,0,32,1,0
32,0,259,0,0,407,4,0
55,0,23,0,0,123,2,0
33,0,889,1,0,13,1,6
37,0,430,0,0,154,4,0
41,0,654,1,0,139,2,0
29,0,15459,0,0,245,3,7
54,0,2508,0,0,34,8,0
44,0,2403,1,0,180,2,0
48,0,741,1,0,227,1,0
30,0,122,1,0,107,1,0
33,0,411,1,0,216,1,0
41,0,-217,1,0,313,1,3
54,0,-932,1,0,799,1,0
46,0,743,0,0,36,2,0
51,0,867,1,0,177,2,3
41,0,171,1,0,209,1,4
33,0,142,1,0,41,2,5
52,0,-888,0,0,135,1,0
23,0,1021,0,0,79,9,0
37,0,556,0,0,200,2,0
36,0,0,1,0,618,2,0
41,0,951,1,0,23,4,0
24,0,299,1,0,209,1,1
50,0,254,1,0,397,2,1
55,0,4424,0,0,67,4,0
37,0,37,1,0,24,2,1
35,0,0,1,0,1174,1,4
38,0,2253,1,0,937,3,0
43,0,7343,1,0,217,4,0
32,0,4665,1,0,860,2,0
31,0,433,0,0,1504,2,0
40,0,93,1,0,134,2,0
39,0,124,1,0,81,5,0
53,0,0,0,0,80,2,0
44,0,432,0,0,132,3,0
44,0,276,1,1,219,1,0
49,0,635,0,0,220,3,0
53,0,0,0,0,36,4,0
32,0,6145,1,0,362,1,13
33,0,1998,0,0,570,1,0
55,0,229,0,1,175,3,0
28,0,1562,0,0,659,4,0
29,0,3432,1,0,139,2,0
42,0,0,1,0,275,4,0
47,0,104,1,1,77,2,0
30,0,3516,1,0,447,4,0
50,0,1572,1,0,185,1,0
33,0,8004,0,0,414,3,0
58,0,671,1,0,16,3,0
39,0,12,1,0,130,1,0
33,0,263,0,0,119,2,0
31,0,1062,1,1,230,1,0
38,0,-469,1,0,209,12,0
35,0,44,0,0,310,2,2
37,0,347,1,0,282,1,0
40,0,113,1,0,126,1,0
34,0,857,1,0,238,6,0
70,0,15834,0,0,172,3,1
49,0,3250,0,0,32,3,0
48,0,340,1,0,255,2,0
57,0,0,1,0,67,1,0
38,0,950,0,0,210,2,0
86,0,1503,0,0,165,3,1
34,0,991,1,0,89,1,1
39,0,902,1,0,691,2,5
46,0,499,1,0,37,10,0
34,0,318,0,1,239,5,0
33,0,0,1,0,44,8,0
71,0,4657,0,0,93,5,0
32,0,350,1,0,110,2,0
45,0,315,1,0,103,1,0
77,0,680,0,0,513,2,7
44,0,10,1,0,196,1,0
51,0,833,0,0,77,3,0
38,0,-23,0,0,48,2,0
33,0,285,0,1,267,1,0
47,0,150,0,0,52,1,0
73,0,154,0,0,103,1,0
43,0,1937,0,0,385,1,0
47,0,1167,1,0,968,1,5
48,0,286,0,0,166,2,0
51,0,0,0,0,439,3,0
47,0,72,0,0,278,1,0
39,0,1970,1,0,30,1,2
31,0,-498,1,0,357,1,0
31,0,2304,1,0,257,2,0
48,0,817,0,0,517,1,4
52,0,3554,0,1,89,1,0
41,0,-306,1,0,500,1,0
52,0,214,0,0,161,3,0
58,0,425,1,1,100,1,0
38,0,-363,0,0,340,2,0
46,0,174,0,1,90,1,0
32,0,3107,1,1,310,1,0
42,0,47,1,1,141,1,0
30,0,48,0,0,140,1,0
26,0,479,1,0,133,3,0
32,0,401,1,0,294,2,0
37,0,238,0,0,185,1,1
59,0,319,1,0,143,3,0
29,0,-105,1,0,5,3,0
44,0,787,1,0,570,2,0
42,0,0,0,0,370,1,0
57,0,320,0,0,76,2,0
43,0,13342,1,0,465,1,0
32,0,55,1,0,546,9,0
54,0,2059,1,0,177,4,0
27,0,132,0,0,123,2,0
36,0,1169,1,0,168,2,0
35,0,71,1,0,836,12,0
37,0,532,1,0,199,1,0
26,0,122,0,1,160,1,0
53,0,6072,0,1,226,4,0
54,0,0,0,1,88,1,0
44,0,5063,0,0,418,2,0
31,0,11386,1,0,356,1,0
44,0,4232,0,0,227,1,0
34,0,2542,1,0,228,1,0
48,0,131,1,0,189,1,0
43,1,0,0,0,73,4,0
46,0,3533,1,0,235,2,0
55,0,23,0,0,143,1,3
38,0,-17,0,0,11,4,0
49,0,377,0,0,158,1,2
72,0,796,0,0,173,2,0
35,0,0,1,0,18,5,0
55,0,865,1,0,85,1,1
53,0,4541,1,0,190,6,0
57,0,0,0,0,44,1,0
27,0,259,1,0,78,10,0
52,0,2557,0,0,134,5,2
46,0,134,0,0,134,2,0
32,0,4,0,0,145,2,4
57,0,0,0,0,585,1,0
57,0,-226,1,0,272,1,0
36,0,725,1,0,123,3,8
31,0,-452,1,0,182,5,0
56,0,1770,0,0,916,3,0
50,0,1200,0,0,904,3,0
45,0,0,1,0,1472,1,4
28,0,-427,1,1,965,2,0
56,0,2146,0,1,594,1,0
32,0,10,1,0,501,4,0
48,0,574,0,0,348,1,0
30,0,699,1,0,544,1,0
45,0,0,0,0,264,1,0
45,0,1673,0,0,76,1,0
57,0,1521,1,1,102,2,5
64,0,890,0,0,531,3,0
41,0,2457,1,0,285,1,0
47,0,677,0,0,384,1,4
52,0,9,0,1,44,1,0
47,0,1219,0,0,697,4,0
34,0,133,1,0,65,1,0
59,0,0,0,0,425,6,0
34,0,1221,1,0,182,1,8
35,0,0,0,1,42,1,0
28,0,775,0,0,603,2,0
35,0,634,0,0,185,2,0
57,0,75,0,0,118,2,0
38,0,170,1,0,442,1,0
37,0,3665,0,0,664,3,0
57,0,179,0,0,230,3,0
38,0,62,0,0,212,1,0
32,0,741,1,0,238,1,0
32,0,1625,0,0,796,1,1
59,0,46,0,0,78,2,0
29,0,555,1,0,133,4,0
46,0,123,0,0,381,3,0
39,0,894,1,0,491,1,1
34,0,0,1,0,154,1,0
49,0,2039,1,0,451,1,2
36,0,47,0,1,36,6,0
46,0,147,1,0,116,2,3
50,0,0,0,0,179,2,0
28,0,56,1,0,66,1,0
56,0,359,1,0,220,4,0
48,0,0,1,0,612,1,1
39,0,122,1,0,158,1,0
49,0,1904,0,1,131,2,0
38,0,16957,1,0,208,1,2
39,0,2303,1,0,775,3,0
44,0,332,1,0,497,5,0
40,0,4610,0,0,154,2,0
52,0,0,0,0,91,2,1
43,0,210,0,0,646,2,0
43,0,1696,1,0,257,1,3
39,0,800,1,0,76,6,0
52,0,280,0,0,393,5,0
56,0,3948,0,0,484,1,3
39,0,0,1,0,63,3,0
55,0,-703,1,0,123,3,0
27,0,802,0,0,569,1,0
24,0,556,1,0,460,2,0
53,0,37,0,0,51,9,0
58,0,764,0,0,219,4,0
34,0,470,1,1,217,1,0
55,0,-375,0,0,814,2,0
34,0,1518,1,0,128,2,0
39,1,-401,1,0,274,4,0
56,0,856,1,1,70,4,7
45,0,542,0,0,8,5,3
58,0,314,0,0,67,2,0
44,0,788,1,0,392,1,0
44,0,576,1,0,128,3,0
59,0,0,0,0,207,2,1
31,0,2197,1,0,146,3,0
33,0,1279,1,0,239,2,3
29,0,228,1,0,12,8,9
55,0,865,1,0,96,1,3
49,0,0,1,1,71,7,0
34,0,645,1,0,420,1,0
49,0,279,1,0,168,4,0
36,0,465,1,0,160,1,0
46,0,1285,1,0,89,1,0
32,0,4908,0,1,491,2,0
43,0,348,0,1,88,3,0
26,1,-162,1,0,44,2,0
60,0,2552,0,1,255,2,4
30,0,1922,1,0,546,1,0
42,0,2974,1,0,187,5,0
50,0,766,0,0,174,2,0
31,0,0,1,0,82,5,0
59,0,174,1,0,204,1,0
52,0,199,0,0,978,2,1
55,0,574,1,0,243,2,0
58,0,320,1,0,171,2,0
40,0,0,1,0,332,1,1
59,0,5706,1,0,471,2,0
25,0,16874,1,1,117,2,0
42,0,4209,1,0,57,6,0
58,0,462,0,0,495,1,1
43,0,2731,0,0,11,7,0
52,0,-110,0,1,141,1,0
39,0,-650,0,0,123,2,1
57,0,1180,1,1,191,2,0
30,0,-970,0,1,194,2,0
39,0,1022,1,0,20,3,0
43,0,328,0,1,192,1,0
53,0,719,1,0,230,1,0
42,0,1628,1,0,119,1,8
27,0,88,0,0,143,1,0
29,0,308,1,0,75,1,0
45,0,16,0,0,59,2,0
42,0,-422,0,0,31,1,0
50,0,202,1,0,107,1,4
36,0,1057,0,0,383,2,0
57,0,929,0,0,387,8,0
52,0,83,0,0,1223,6,0
57,0,0,0,0,116,4,0
30,0,2,0,0,102,1,1
32,0,249,1,0,258,1,0
36,0,3057,0,0,2769,4,0
29,0,770,1,0,341,1,0
38,0,5244,0,0,310,4,0
57,0,179,1,0,67,1,2
35,0,434,1,0,277,1,2
37,0,137,0,0,244,6,0
50,0,-470,1,0,130,2,1
42,0,96,1,0,238,3,2
55,0,139,0,0,256,2,0
36,0,-11,0,0,152,2,0
53,0,483,1,0,288,3,0
31,0,1664,1,0,158,1,1
48,0,7020,0,0,80,2,0
36,0,134,0,0,98,1,0
35,0,0,0,0,326,1,0
31,0,-120,1,0,100,3,2
57,0,27069,0,1,174,3,0
45,0,194,0,0,517,4,0
47,0,-9,0,0,457,2,0
50,0,433,1,0,47,4,0
37,0,-107,1,0,158,2,0
40,0,51,1,0,50,1,0
28,0,0,1,0,386,1,0
27,0,212,1,0,373,1,0
47,0,4402,0,0,805,1,1
31,0,3706,1,0,129,1,0
42,0,2187,1,0,525,3,0
48,0,2294,1,0,251,11,0
27,1,0,0,1,46,1,0
47,0,3676,0,0,567,1,3
32,0,162,1,0,297,2,0
35,0,243,1,0,41,3,0
49,0,3371,0,0,269,2,0
55,0,171,1,0,73,6,0
44,0,887,1,0,165,2,1
40,0,51,0,0,164,2,0
34,0,18,1,1,359,1,0
48,0,586,1,1,179,2,0
57,0,-967,1,0,8,7,0
36,0,5902,1,0,219,4,0
48,0,2330,1,0,15,1,0
37,0,3288,0,0,124,2,0
40,0,4441,1,0,153,2,2
54,0,448,1,1,98,1,0
39,0,282,1,0,243,1,0
34,0,60,0,0,274,2,0
31,0,360,0,0,332,1,2
46,0,2420,0,0,405,2,0
32,0,485,0,0,98,14,0
45,0,0,0,0,574,5,0
53,0,53,1,0,208,1,1
52,0,316,0,0,463,3,0
56,0,917,0,0,306,1,0
29,0,33,0,0,161,1,0
34,0,-566,1,0,248,2,0
65,0,4717,0,0,256,1,0
31,0,582,1,0,58,2,0
34,0,2929,0,0,518,2,0
32,1,-220,1,1,123,2,0
35,0,378,1,0,427,3,0
34,0,-251,0,0,641,1,0
46,0,5,1,1,305,2,0
39,0,722,0,0,141,1,0
26,0,592,1,1,174,1,0
49,0,306,1,0,285,7,0
40,0,1547,1,0,88,2,1
30,0,20,1,0,404,6,1
49,0,51,1,0,984,1,0
47,0,2548,1,0,577,1,1
51,0,40,1,0,79,1,1
57,0,0,0,0,197,2,0
40,0,4795,1,0,57,1,0
31,0,4945,0,0,445,1,0
45,0,59,1,0,873,8,0
52,0,-133,0,0,96,2,0
45,0,13117,0,0,42,2,0
37,0,6969,1,0,412,1,0
53,0,4554,0,0,8,6,0
61,0,967,0,0,180,1,0
34,0,297,1,0,63,4,0
42,0,1080,1,1,951,3,4
